model,p,answer,status
anthropic/claude-4.5-sonnet,55,1,success
anthropic/claude-4.5-sonnet,55,1,success
anthropic/claude-4.5-sonnet,55,1,success
anthropic/claude-4.5-sonnet,55,1,success
anthropic/claude-4.5-sonnet,55,1,success
anthropic/claude-4.5-sonnet,55,1,success
anthropic/claude-4.5-sonnet,55,1,success
anthropic/claude-4.5-sonnet,55,1,success
anthropic/claude-4.5-sonnet,55,1,success
anthropic/claude-4.5-sonnet,55,1,success
anthropic/claude-4.5-sonnet,55,1,success
anthropic/claude-4.5-sonnet,55,1,success
anthropic/claude-4.5-sonnet,55,1,success
anthropic/claude-4.5-sonnet,55,1,success
anthropic/claude-4.5-sonnet,55,1,success
anthropic/claude-4.5-sonnet,55,1,success
anthropic/claude-4.5-sonnet,55,1,success
anthropic/claude-4.5-sonnet,55,1,success
anthropic/claude-4.5-sonnet,55,1,success
anthropic/claude-4.5-sonnet,55,1,success
anthropic/claude-4.5-sonnet,55,1,success
anthropic/claude-4.5-sonnet,55,1,success
anthropic/claude-4.5-sonnet,55,1,success
anthropic/claude-4.5-sonnet,55,1,success
anthropic/claude-4.5-sonnet,55,1,success
anthropic/claude-4.5-sonnet,55,1,success
anthropic/claude-4.5-sonnet,55,1,success
anthropic/claude-4.5-sonnet,55,1,success
anthropic/claude-4.5-sonnet,55,1,success
anthropic/claude-4.5-sonnet,55,1,success
anthropic/claude-4.5-sonnet,55,1,success
anthropic/claude-4.5-sonnet,55,1,success
anthropic/claude-4.5-sonnet,55,1,success
anthropic/claude-4.5-sonnet,55,1,success
anthropic/claude-4.5-sonnet,55,1,success
anthropic/claude-4.5-sonnet,55,1,success
anthropic/claude-4.5-sonnet,55,1,success
anthropic/claude-4.5-sonnet,55,1,success
anthropic/claude-4.5-sonnet,55,1,success
anthropic/claude-4.5-sonnet,55,1,success
anthropic/claude-4.5-sonnet,55,1,success
anthropic/claude-4.5-sonnet,55,1,success
anthropic/claude-4.5-sonnet,55,1,success
anthropic/claude-4.5-sonnet,55,1,success
anthropic/claude-4.5-sonnet,55,1,success
anthropic/claude-4.5-sonnet,55,1,success
anthropic/claude-4.5-sonnet,55,1,success
anthropic/claude-4.5-sonnet,55,1,success
anthropic/claude-4.5-sonnet,55,1,success
anthropic/claude-4.5-sonnet,55,1,success
anthropic/claude-4.5-sonnet,55,1,success
anthropic/claude-4.5-sonnet,55,1,success
anthropic/claude-4.5-sonnet,55,1,success
anthropic/claude-4.5-sonnet,55,1,success
anthropic/claude-4.5-sonnet,55,1,success
anthropic/claude-4.5-sonnet,55,1,success
anthropic/claude-4.5-sonnet,55,1,success
anthropic/claude-4.5-sonnet,55,1,success
anthropic/claude-4.5-sonnet,55,1,success
anthropic/claude-4.5-sonnet,55,1,success
anthropic/claude-4.5-sonnet,55,1,success
anthropic/claude-4.5-sonnet,55,1,success
anthropic/claude-4.5-sonnet,55,1,success
anthropic/claude-4.5-sonnet,55,1,success
anthropic/claude-4.5-sonnet,55,1,success
anthropic/claude-4.5-sonnet,55,1,success
anthropic/claude-4.5-sonnet,55,1,success
anthropic/claude-4.5-sonnet,55,1,success
anthropic/claude-4.5-sonnet,55,1,success
anthropic/claude-4.5-sonnet,55,1,success
anthropic/claude-4.5-sonnet,55,1,success
anthropic/claude-4.5-sonnet,55,1,success
anthropic/claude-4.5-sonnet,55,1,success
anthropic/claude-4.5-sonnet,55,1,success
anthropic/claude-4.5-sonnet,55,1,success
anthropic/claude-4.5-sonnet,55,1,success
anthropic/claude-4.5-sonnet,55,1,success
anthropic/claude-4.5-sonnet,55,1,success
anthropic/claude-4.5-sonnet,55,1,success
anthropic/claude-4.5-sonnet,55,1,success
anthropic/claude-4.5-sonnet,55,1,success
anthropic/claude-4.5-sonnet,55,1,success
anthropic/claude-4.5-sonnet,55,1,success
anthropic/claude-4.5-sonnet,55,1,success
anthropic/claude-4.5-sonnet,55,1,success
anthropic/claude-4.5-sonnet,55,1,success
anthropic/claude-4.5-sonnet,55,1,success
anthropic/claude-4.5-sonnet,55,1,success
anthropic/claude-4.5-sonnet,55,1,success
anthropic/claude-4.5-sonnet,55,1,success
anthropic/claude-4.5-sonnet,55,1,success
anthropic/claude-4.5-sonnet,55,1,success
anthropic/claude-4.5-sonnet,55,1,success
anthropic/claude-4.5-sonnet,55,1,success
anthropic/claude-4.5-sonnet,55,1,success
anthropic/claude-4.5-sonnet,55,1,success
anthropic/claude-4.5-sonnet,55,1,success
anthropic/claude-4.5-sonnet,55,1,success
anthropic/claude-4.5-sonnet,55,1,success
anthropic/claude-4.5-sonnet,55,1,success
anthropic/claude-4.5-sonnet,60,1,success
anthropic/claude-4.5-sonnet,60,1,success
anthropic/claude-4.5-sonnet,60,1,success
anthropic/claude-4.5-sonnet,60,1,success
anthropic/claude-4.5-sonnet,60,1,success
anthropic/claude-4.5-sonnet,60,1,success
anthropic/claude-4.5-sonnet,60,1,success
anthropic/claude-4.5-sonnet,60,1,success
anthropic/claude-4.5-sonnet,60,1,success
anthropic/claude-4.5-sonnet,60,1,success
anthropic/claude-4.5-sonnet,60,1,success
anthropic/claude-4.5-sonnet,60,1,success
anthropic/claude-4.5-sonnet,60,1,success
anthropic/claude-4.5-sonnet,60,1,success
anthropic/claude-4.5-sonnet,60,1,success
anthropic/claude-4.5-sonnet,60,1,success
anthropic/claude-4.5-sonnet,60,1,success
anthropic/claude-4.5-sonnet,60,1,success
anthropic/claude-4.5-sonnet,60,1,success
anthropic/claude-4.5-sonnet,60,1,success
anthropic/claude-4.5-sonnet,60,1,success
anthropic/claude-4.5-sonnet,60,1,success
anthropic/claude-4.5-sonnet,60,1,success
anthropic/claude-4.5-sonnet,60,1,success
anthropic/claude-4.5-sonnet,60,1,success
anthropic/claude-4.5-sonnet,60,1,success
anthropic/claude-4.5-sonnet,60,1,success
anthropic/claude-4.5-sonnet,60,1,success
anthropic/claude-4.5-sonnet,60,1,success
anthropic/claude-4.5-sonnet,60,1,success
anthropic/claude-4.5-sonnet,60,1,success
anthropic/claude-4.5-sonnet,60,1,success
anthropic/claude-4.5-sonnet,60,1,success
anthropic/claude-4.5-sonnet,60,1,success
anthropic/claude-4.5-sonnet,60,1,success
anthropic/claude-4.5-sonnet,60,1,success
anthropic/claude-4.5-sonnet,60,1,success
anthropic/claude-4.5-sonnet,60,1,success
anthropic/claude-4.5-sonnet,60,1,success
anthropic/claude-4.5-sonnet,60,1,success
anthropic/claude-4.5-sonnet,60,1,success
anthropic/claude-4.5-sonnet,60,1,success
anthropic/claude-4.5-sonnet,60,1,success
anthropic/claude-4.5-sonnet,60,1,success
anthropic/claude-4.5-sonnet,60,1,success
anthropic/claude-4.5-sonnet,60,1,success
anthropic/claude-4.5-sonnet,60,1,success
anthropic/claude-4.5-sonnet,60,1,success
anthropic/claude-4.5-sonnet,60,1,success
anthropic/claude-4.5-sonnet,60,1,success
anthropic/claude-4.5-sonnet,60,1,success
anthropic/claude-4.5-sonnet,60,1,success
anthropic/claude-4.5-sonnet,60,1,success
anthropic/claude-4.5-sonnet,60,1,success
anthropic/claude-4.5-sonnet,60,1,success
anthropic/claude-4.5-sonnet,60,1,success
anthropic/claude-4.5-sonnet,60,1,success
anthropic/claude-4.5-sonnet,60,1,success
anthropic/claude-4.5-sonnet,60,1,success
anthropic/claude-4.5-sonnet,60,1,success
anthropic/claude-4.5-sonnet,60,1,success
anthropic/claude-4.5-sonnet,60,1,success
anthropic/claude-4.5-sonnet,60,1,success
anthropic/claude-4.5-sonnet,60,1,success
anthropic/claude-4.5-sonnet,60,1,success
anthropic/claude-4.5-sonnet,60,1,success
anthropic/claude-4.5-sonnet,60,1,success
anthropic/claude-4.5-sonnet,60,1,success
anthropic/claude-4.5-sonnet,60,1,success
anthropic/claude-4.5-sonnet,60,1,success
anthropic/claude-4.5-sonnet,60,1,success
anthropic/claude-4.5-sonnet,60,1,success
anthropic/claude-4.5-sonnet,60,1,success
anthropic/claude-4.5-sonnet,60,1,success
anthropic/claude-4.5-sonnet,60,1,success
anthropic/claude-4.5-sonnet,60,1,success
anthropic/claude-4.5-sonnet,60,1,success
anthropic/claude-4.5-sonnet,60,1,success
anthropic/claude-4.5-sonnet,60,1,success
anthropic/claude-4.5-sonnet,60,1,success
anthropic/claude-4.5-sonnet,60,1,success
anthropic/claude-4.5-sonnet,60,1,success
anthropic/claude-4.5-sonnet,60,1,success
anthropic/claude-4.5-sonnet,60,1,success
anthropic/claude-4.5-sonnet,60,1,success
anthropic/claude-4.5-sonnet,60,1,success
anthropic/claude-4.5-sonnet,60,1,success
anthropic/claude-4.5-sonnet,60,1,success
anthropic/claude-4.5-sonnet,60,1,success
anthropic/claude-4.5-sonnet,60,1,success
anthropic/claude-4.5-sonnet,60,1,success
anthropic/claude-4.5-sonnet,60,1,success
anthropic/claude-4.5-sonnet,60,1,success
anthropic/claude-4.5-sonnet,60,1,success
anthropic/claude-4.5-sonnet,60,1,success
anthropic/claude-4.5-sonnet,60,1,success
anthropic/claude-4.5-sonnet,60,1,success
anthropic/claude-4.5-sonnet,60,1,success
anthropic/claude-4.5-sonnet,60,1,success
anthropic/claude-4.5-sonnet,60,1,success
anthropic/claude-4.5-sonnet,65,1,success
anthropic/claude-4.5-sonnet,65,1,success
anthropic/claude-4.5-sonnet,65,1,success
anthropic/claude-4.5-sonnet,65,1,success
anthropic/claude-4.5-sonnet,65,1,success
anthropic/claude-4.5-sonnet,65,1,success
anthropic/claude-4.5-sonnet,65,1,success
anthropic/claude-4.5-sonnet,65,1,success
anthropic/claude-4.5-sonnet,65,1,success
anthropic/claude-4.5-sonnet,65,1,success
anthropic/claude-4.5-sonnet,65,1,success
anthropic/claude-4.5-sonnet,65,1,success
anthropic/claude-4.5-sonnet,65,1,success
anthropic/claude-4.5-sonnet,65,1,success
anthropic/claude-4.5-sonnet,65,1,success
anthropic/claude-4.5-sonnet,65,1,success
anthropic/claude-4.5-sonnet,65,1,success
anthropic/claude-4.5-sonnet,65,1,success
anthropic/claude-4.5-sonnet,65,1,success
anthropic/claude-4.5-sonnet,65,1,success
anthropic/claude-4.5-sonnet,65,1,success
anthropic/claude-4.5-sonnet,65,1,success
anthropic/claude-4.5-sonnet,65,1,success
anthropic/claude-4.5-sonnet,65,1,success
anthropic/claude-4.5-sonnet,65,1,success
anthropic/claude-4.5-sonnet,65,1,success
anthropic/claude-4.5-sonnet,65,1,success
anthropic/claude-4.5-sonnet,65,1,success
anthropic/claude-4.5-sonnet,65,1,success
anthropic/claude-4.5-sonnet,65,1,success
anthropic/claude-4.5-sonnet,65,1,success
anthropic/claude-4.5-sonnet,65,1,success
anthropic/claude-4.5-sonnet,65,1,success
anthropic/claude-4.5-sonnet,65,1,success
anthropic/claude-4.5-sonnet,65,1,success
anthropic/claude-4.5-sonnet,65,1,success
anthropic/claude-4.5-sonnet,65,1,success
anthropic/claude-4.5-sonnet,65,1,success
anthropic/claude-4.5-sonnet,65,1,success
anthropic/claude-4.5-sonnet,65,1,success
anthropic/claude-4.5-sonnet,65,1,success
anthropic/claude-4.5-sonnet,65,1,success
anthropic/claude-4.5-sonnet,65,1,success
anthropic/claude-4.5-sonnet,65,1,success
anthropic/claude-4.5-sonnet,65,1,success
anthropic/claude-4.5-sonnet,65,1,success
anthropic/claude-4.5-sonnet,65,1,success
anthropic/claude-4.5-sonnet,65,1,success
anthropic/claude-4.5-sonnet,65,1,success
anthropic/claude-4.5-sonnet,65,1,success
anthropic/claude-4.5-sonnet,65,1,success
anthropic/claude-4.5-sonnet,65,1,success
anthropic/claude-4.5-sonnet,65,1,success
anthropic/claude-4.5-sonnet,65,1,success
anthropic/claude-4.5-sonnet,65,1,success
anthropic/claude-4.5-sonnet,65,1,success
anthropic/claude-4.5-sonnet,65,1,success
anthropic/claude-4.5-sonnet,65,1,success
anthropic/claude-4.5-sonnet,65,1,success
anthropic/claude-4.5-sonnet,65,1,success
anthropic/claude-4.5-sonnet,65,1,success
anthropic/claude-4.5-sonnet,65,1,success
anthropic/claude-4.5-sonnet,65,1,success
anthropic/claude-4.5-sonnet,65,1,success
anthropic/claude-4.5-sonnet,65,1,success
anthropic/claude-4.5-sonnet,65,1,success
anthropic/claude-4.5-sonnet,65,1,success
anthropic/claude-4.5-sonnet,65,1,success
anthropic/claude-4.5-sonnet,65,1,success
anthropic/claude-4.5-sonnet,65,1,success
anthropic/claude-4.5-sonnet,65,1,success
anthropic/claude-4.5-sonnet,65,1,success
anthropic/claude-4.5-sonnet,65,1,success
anthropic/claude-4.5-sonnet,65,1,success
anthropic/claude-4.5-sonnet,65,1,success
anthropic/claude-4.5-sonnet,65,1,success
anthropic/claude-4.5-sonnet,65,1,success
anthropic/claude-4.5-sonnet,65,1,success
anthropic/claude-4.5-sonnet,65,1,success
anthropic/claude-4.5-sonnet,65,1,success
anthropic/claude-4.5-sonnet,65,1,success
anthropic/claude-4.5-sonnet,65,1,success
anthropic/claude-4.5-sonnet,65,1,success
anthropic/claude-4.5-sonnet,65,1,success
anthropic/claude-4.5-sonnet,65,1,success
anthropic/claude-4.5-sonnet,65,1,success
anthropic/claude-4.5-sonnet,65,1,success
anthropic/claude-4.5-sonnet,65,1,success
anthropic/claude-4.5-sonnet,65,1,success
anthropic/claude-4.5-sonnet,65,1,success
anthropic/claude-4.5-sonnet,65,1,success
anthropic/claude-4.5-sonnet,65,1,success
anthropic/claude-4.5-sonnet,65,1,success
anthropic/claude-4.5-sonnet,65,1,success
anthropic/claude-4.5-sonnet,65,1,success
anthropic/claude-4.5-sonnet,65,1,success
anthropic/claude-4.5-sonnet,65,1,success
anthropic/claude-4.5-sonnet,65,1,success
anthropic/claude-4.5-sonnet,65,1,success
anthropic/claude-4.5-sonnet,65,1,success
anthropic/claude-4.5-sonnet,70,1,success
anthropic/claude-4.5-sonnet,70,1,success
anthropic/claude-4.5-sonnet,70,1,success
anthropic/claude-4.5-sonnet,70,1,success
anthropic/claude-4.5-sonnet,70,1,success
anthropic/claude-4.5-sonnet,70,1,success
anthropic/claude-4.5-sonnet,70,1,success
anthropic/claude-4.5-sonnet,70,1,success
anthropic/claude-4.5-sonnet,70,1,success
anthropic/claude-4.5-sonnet,70,1,success
anthropic/claude-4.5-sonnet,70,1,success
anthropic/claude-4.5-sonnet,70,1,success
anthropic/claude-4.5-sonnet,70,1,success
anthropic/claude-4.5-sonnet,70,1,success
anthropic/claude-4.5-sonnet,70,1,success
anthropic/claude-4.5-sonnet,70,1,success
anthropic/claude-4.5-sonnet,70,1,success
anthropic/claude-4.5-sonnet,70,1,success
anthropic/claude-4.5-sonnet,70,1,success
anthropic/claude-4.5-sonnet,70,1,success
anthropic/claude-4.5-sonnet,70,1,success
anthropic/claude-4.5-sonnet,70,1,success
anthropic/claude-4.5-sonnet,70,1,success
anthropic/claude-4.5-sonnet,70,1,success
anthropic/claude-4.5-sonnet,70,1,success
anthropic/claude-4.5-sonnet,70,1,success
anthropic/claude-4.5-sonnet,70,1,success
anthropic/claude-4.5-sonnet,70,1,success
anthropic/claude-4.5-sonnet,70,1,success
anthropic/claude-4.5-sonnet,70,1,success
anthropic/claude-4.5-sonnet,70,1,success
anthropic/claude-4.5-sonnet,70,1,success
anthropic/claude-4.5-sonnet,70,1,success
anthropic/claude-4.5-sonnet,70,1,success
anthropic/claude-4.5-sonnet,70,1,success
anthropic/claude-4.5-sonnet,70,1,success
anthropic/claude-4.5-sonnet,70,1,success
anthropic/claude-4.5-sonnet,70,1,success
anthropic/claude-4.5-sonnet,70,1,success
anthropic/claude-4.5-sonnet,70,1,success
anthropic/claude-4.5-sonnet,70,1,success
anthropic/claude-4.5-sonnet,70,1,success
anthropic/claude-4.5-sonnet,70,1,success
anthropic/claude-4.5-sonnet,70,1,success
anthropic/claude-4.5-sonnet,70,1,success
anthropic/claude-4.5-sonnet,70,1,success
anthropic/claude-4.5-sonnet,70,1,success
anthropic/claude-4.5-sonnet,70,1,success
anthropic/claude-4.5-sonnet,70,1,success
anthropic/claude-4.5-sonnet,70,1,success
anthropic/claude-4.5-sonnet,70,1,success
anthropic/claude-4.5-sonnet,70,1,success
anthropic/claude-4.5-sonnet,70,1,success
anthropic/claude-4.5-sonnet,70,1,success
anthropic/claude-4.5-sonnet,70,1,success
anthropic/claude-4.5-sonnet,70,1,success
anthropic/claude-4.5-sonnet,70,1,success
anthropic/claude-4.5-sonnet,70,1,success
anthropic/claude-4.5-sonnet,70,1,success
anthropic/claude-4.5-sonnet,70,1,success
anthropic/claude-4.5-sonnet,70,1,success
anthropic/claude-4.5-sonnet,70,1,success
anthropic/claude-4.5-sonnet,70,1,success
anthropic/claude-4.5-sonnet,70,1,success
anthropic/claude-4.5-sonnet,70,1,success
anthropic/claude-4.5-sonnet,70,1,success
anthropic/claude-4.5-sonnet,70,1,success
anthropic/claude-4.5-sonnet,70,1,success
anthropic/claude-4.5-sonnet,70,1,success
anthropic/claude-4.5-sonnet,70,1,success
anthropic/claude-4.5-sonnet,70,1,success
anthropic/claude-4.5-sonnet,70,1,success
anthropic/claude-4.5-sonnet,70,1,success
anthropic/claude-4.5-sonnet,70,1,success
anthropic/claude-4.5-sonnet,70,1,success
anthropic/claude-4.5-sonnet,70,1,success
anthropic/claude-4.5-sonnet,70,1,success
anthropic/claude-4.5-sonnet,70,1,success
anthropic/claude-4.5-sonnet,70,1,success
anthropic/claude-4.5-sonnet,70,1,success
anthropic/claude-4.5-sonnet,70,1,success
anthropic/claude-4.5-sonnet,70,1,success
anthropic/claude-4.5-sonnet,70,1,success
anthropic/claude-4.5-sonnet,70,1,success
anthropic/claude-4.5-sonnet,70,1,success
anthropic/claude-4.5-sonnet,70,1,success
anthropic/claude-4.5-sonnet,70,1,success
anthropic/claude-4.5-sonnet,70,1,success
anthropic/claude-4.5-sonnet,70,1,success
anthropic/claude-4.5-sonnet,70,1,success
anthropic/claude-4.5-sonnet,70,1,success
anthropic/claude-4.5-sonnet,70,1,success
anthropic/claude-4.5-sonnet,70,1,success
anthropic/claude-4.5-sonnet,70,1,success
anthropic/claude-4.5-sonnet,70,1,success
anthropic/claude-4.5-sonnet,70,1,success
anthropic/claude-4.5-sonnet,70,1,success
anthropic/claude-4.5-sonnet,70,1,success
anthropic/claude-4.5-sonnet,70,1,success
anthropic/claude-4.5-sonnet,70,1,success
anthropic/claude-4.5-sonnet,75,1,success
anthropic/claude-4.5-sonnet,75,1,success
anthropic/claude-4.5-sonnet,75,1,success
anthropic/claude-4.5-sonnet,75,1,success
anthropic/claude-4.5-sonnet,75,1,success
anthropic/claude-4.5-sonnet,75,1,success
anthropic/claude-4.5-sonnet,75,1,success
anthropic/claude-4.5-sonnet,75,1,success
anthropic/claude-4.5-sonnet,75,1,success
anthropic/claude-4.5-sonnet,75,1,success
anthropic/claude-4.5-sonnet,75,1,success
anthropic/claude-4.5-sonnet,75,1,success
anthropic/claude-4.5-sonnet,75,1,success
anthropic/claude-4.5-sonnet,75,1,success
anthropic/claude-4.5-sonnet,75,1,success
anthropic/claude-4.5-sonnet,75,1,success
anthropic/claude-4.5-sonnet,75,1,success
anthropic/claude-4.5-sonnet,75,1,success
anthropic/claude-4.5-sonnet,75,1,success
anthropic/claude-4.5-sonnet,75,1,success
anthropic/claude-4.5-sonnet,75,1,success
anthropic/claude-4.5-sonnet,75,1,success
anthropic/claude-4.5-sonnet,75,1,success
anthropic/claude-4.5-sonnet,75,1,success
anthropic/claude-4.5-sonnet,75,1,success
anthropic/claude-4.5-sonnet,75,1,success
anthropic/claude-4.5-sonnet,75,1,success
anthropic/claude-4.5-sonnet,75,1,success
anthropic/claude-4.5-sonnet,75,1,success
anthropic/claude-4.5-sonnet,75,1,success
anthropic/claude-4.5-sonnet,75,1,success
anthropic/claude-4.5-sonnet,75,1,success
anthropic/claude-4.5-sonnet,75,1,success
anthropic/claude-4.5-sonnet,75,1,success
anthropic/claude-4.5-sonnet,75,1,success
anthropic/claude-4.5-sonnet,75,1,success
anthropic/claude-4.5-sonnet,75,1,success
anthropic/claude-4.5-sonnet,75,1,success
anthropic/claude-4.5-sonnet,75,1,success
anthropic/claude-4.5-sonnet,75,1,success
anthropic/claude-4.5-sonnet,75,1,success
anthropic/claude-4.5-sonnet,75,1,success
anthropic/claude-4.5-sonnet,75,1,success
anthropic/claude-4.5-sonnet,75,1,success
anthropic/claude-4.5-sonnet,75,1,success
anthropic/claude-4.5-sonnet,75,1,success
anthropic/claude-4.5-sonnet,75,1,success
anthropic/claude-4.5-sonnet,75,1,success
anthropic/claude-4.5-sonnet,75,1,success
anthropic/claude-4.5-sonnet,75,1,success
anthropic/claude-4.5-sonnet,75,1,success
anthropic/claude-4.5-sonnet,75,1,success
anthropic/claude-4.5-sonnet,75,1,success
anthropic/claude-4.5-sonnet,75,1,success
anthropic/claude-4.5-sonnet,75,1,success
anthropic/claude-4.5-sonnet,75,1,success
anthropic/claude-4.5-sonnet,75,1,success
anthropic/claude-4.5-sonnet,75,1,success
anthropic/claude-4.5-sonnet,75,1,success
anthropic/claude-4.5-sonnet,75,1,success
anthropic/claude-4.5-sonnet,75,1,success
anthropic/claude-4.5-sonnet,75,1,success
anthropic/claude-4.5-sonnet,75,1,success
anthropic/claude-4.5-sonnet,75,1,success
anthropic/claude-4.5-sonnet,75,1,success
anthropic/claude-4.5-sonnet,75,1,success
anthropic/claude-4.5-sonnet,75,1,success
anthropic/claude-4.5-sonnet,75,1,success
anthropic/claude-4.5-sonnet,75,1,success
anthropic/claude-4.5-sonnet,75,1,success
anthropic/claude-4.5-sonnet,75,1,success
anthropic/claude-4.5-sonnet,75,1,success
anthropic/claude-4.5-sonnet,75,1,success
anthropic/claude-4.5-sonnet,75,1,success
anthropic/claude-4.5-sonnet,75,1,success
anthropic/claude-4.5-sonnet,75,1,success
anthropic/claude-4.5-sonnet,75,1,success
anthropic/claude-4.5-sonnet,75,1,success
anthropic/claude-4.5-sonnet,75,1,success
anthropic/claude-4.5-sonnet,75,1,success
anthropic/claude-4.5-sonnet,75,1,success
anthropic/claude-4.5-sonnet,75,1,success
anthropic/claude-4.5-sonnet,75,1,success
anthropic/claude-4.5-sonnet,75,1,success
anthropic/claude-4.5-sonnet,75,1,success
anthropic/claude-4.5-sonnet,75,1,success
anthropic/claude-4.5-sonnet,75,1,success
anthropic/claude-4.5-sonnet,75,1,success
anthropic/claude-4.5-sonnet,75,1,success
anthropic/claude-4.5-sonnet,75,1,success
anthropic/claude-4.5-sonnet,75,1,success
anthropic/claude-4.5-sonnet,75,1,success
anthropic/claude-4.5-sonnet,75,1,success
anthropic/claude-4.5-sonnet,75,1,success
anthropic/claude-4.5-sonnet,75,1,success
anthropic/claude-4.5-sonnet,75,1,success
anthropic/claude-4.5-sonnet,75,1,success
anthropic/claude-4.5-sonnet,75,1,success
anthropic/claude-4.5-sonnet,75,1,success
anthropic/claude-4.5-sonnet,75,1,success
anthropic/claude-4.5-sonnet,80,1,success
anthropic/claude-4.5-sonnet,80,1,success
anthropic/claude-4.5-sonnet,80,1,success
anthropic/claude-4.5-sonnet,80,1,success
anthropic/claude-4.5-sonnet,80,1,success
anthropic/claude-4.5-sonnet,80,1,success
anthropic/claude-4.5-sonnet,80,1,success
anthropic/claude-4.5-sonnet,80,1,success
anthropic/claude-4.5-sonnet,80,1,success
anthropic/claude-4.5-sonnet,80,1,success
anthropic/claude-4.5-sonnet,80,1,success
anthropic/claude-4.5-sonnet,80,1,success
anthropic/claude-4.5-sonnet,80,1,success
anthropic/claude-4.5-sonnet,80,1,success
anthropic/claude-4.5-sonnet,80,1,success
anthropic/claude-4.5-sonnet,80,1,success
anthropic/claude-4.5-sonnet,80,1,success
anthropic/claude-4.5-sonnet,80,1,success
anthropic/claude-4.5-sonnet,80,1,success
anthropic/claude-4.5-sonnet,80,1,success
anthropic/claude-4.5-sonnet,80,1,success
anthropic/claude-4.5-sonnet,80,1,success
anthropic/claude-4.5-sonnet,80,1,success
anthropic/claude-4.5-sonnet,80,1,success
anthropic/claude-4.5-sonnet,80,1,success
anthropic/claude-4.5-sonnet,80,1,success
anthropic/claude-4.5-sonnet,80,1,success
anthropic/claude-4.5-sonnet,80,1,success
anthropic/claude-4.5-sonnet,80,1,success
anthropic/claude-4.5-sonnet,80,1,success
anthropic/claude-4.5-sonnet,80,1,success
anthropic/claude-4.5-sonnet,80,1,success
anthropic/claude-4.5-sonnet,80,1,success
anthropic/claude-4.5-sonnet,80,1,success
anthropic/claude-4.5-sonnet,80,1,success
anthropic/claude-4.5-sonnet,80,1,success
anthropic/claude-4.5-sonnet,80,1,success
anthropic/claude-4.5-sonnet,80,1,success
anthropic/claude-4.5-sonnet,80,1,success
anthropic/claude-4.5-sonnet,80,1,success
anthropic/claude-4.5-sonnet,80,1,success
anthropic/claude-4.5-sonnet,80,1,success
anthropic/claude-4.5-sonnet,80,1,success
anthropic/claude-4.5-sonnet,80,1,success
anthropic/claude-4.5-sonnet,80,1,success
anthropic/claude-4.5-sonnet,80,1,success
anthropic/claude-4.5-sonnet,80,1,success
anthropic/claude-4.5-sonnet,80,1,success
anthropic/claude-4.5-sonnet,80,1,success
anthropic/claude-4.5-sonnet,80,1,success
anthropic/claude-4.5-sonnet,80,1,success
anthropic/claude-4.5-sonnet,80,1,success
anthropic/claude-4.5-sonnet,80,1,success
anthropic/claude-4.5-sonnet,80,1,success
anthropic/claude-4.5-sonnet,80,1,success
anthropic/claude-4.5-sonnet,80,1,success
anthropic/claude-4.5-sonnet,80,1,success
anthropic/claude-4.5-sonnet,80,1,success
anthropic/claude-4.5-sonnet,80,1,success
anthropic/claude-4.5-sonnet,80,1,success
anthropic/claude-4.5-sonnet,80,1,success
anthropic/claude-4.5-sonnet,80,1,success
anthropic/claude-4.5-sonnet,80,1,success
anthropic/claude-4.5-sonnet,80,1,success
anthropic/claude-4.5-sonnet,80,1,success
anthropic/claude-4.5-sonnet,80,1,success
anthropic/claude-4.5-sonnet,80,1,success
anthropic/claude-4.5-sonnet,80,1,success
anthropic/claude-4.5-sonnet,80,1,success
anthropic/claude-4.5-sonnet,80,1,success
anthropic/claude-4.5-sonnet,80,1,success
anthropic/claude-4.5-sonnet,80,1,success
anthropic/claude-4.5-sonnet,80,1,success
anthropic/claude-4.5-sonnet,80,1,success
anthropic/claude-4.5-sonnet,80,1,success
anthropic/claude-4.5-sonnet,80,1,success
anthropic/claude-4.5-sonnet,80,1,success
anthropic/claude-4.5-sonnet,80,1,success
anthropic/claude-4.5-sonnet,80,1,success
anthropic/claude-4.5-sonnet,80,1,success
anthropic/claude-4.5-sonnet,80,1,success
anthropic/claude-4.5-sonnet,80,1,success
anthropic/claude-4.5-sonnet,80,1,success
anthropic/claude-4.5-sonnet,80,1,success
anthropic/claude-4.5-sonnet,80,1,success
anthropic/claude-4.5-sonnet,80,1,success
anthropic/claude-4.5-sonnet,80,1,success
anthropic/claude-4.5-sonnet,80,1,success
anthropic/claude-4.5-sonnet,80,1,success
anthropic/claude-4.5-sonnet,80,1,success
anthropic/claude-4.5-sonnet,80,1,success
anthropic/claude-4.5-sonnet,80,1,success
anthropic/claude-4.5-sonnet,80,1,success
anthropic/claude-4.5-sonnet,80,1,success
anthropic/claude-4.5-sonnet,80,1,success
anthropic/claude-4.5-sonnet,80,1,success
anthropic/claude-4.5-sonnet,80,1,success
anthropic/claude-4.5-sonnet,80,1,success
anthropic/claude-4.5-sonnet,80,1,success
anthropic/claude-4.5-sonnet,80,1,success
anthropic/claude-4.5-sonnet,85,1,success
anthropic/claude-4.5-sonnet,85,1,success
anthropic/claude-4.5-sonnet,85,1,success
anthropic/claude-4.5-sonnet,85,1,success
anthropic/claude-4.5-sonnet,85,1,success
anthropic/claude-4.5-sonnet,85,1,success
anthropic/claude-4.5-sonnet,85,1,success
anthropic/claude-4.5-sonnet,85,1,success
anthropic/claude-4.5-sonnet,85,1,success
anthropic/claude-4.5-sonnet,85,1,success
anthropic/claude-4.5-sonnet,85,1,success
anthropic/claude-4.5-sonnet,85,1,success
anthropic/claude-4.5-sonnet,85,1,success
anthropic/claude-4.5-sonnet,85,1,success
anthropic/claude-4.5-sonnet,85,1,success
anthropic/claude-4.5-sonnet,85,1,success
anthropic/claude-4.5-sonnet,85,1,success
anthropic/claude-4.5-sonnet,85,1,success
anthropic/claude-4.5-sonnet,85,1,success
anthropic/claude-4.5-sonnet,85,1,success
anthropic/claude-4.5-sonnet,85,1,success
anthropic/claude-4.5-sonnet,85,1,success
anthropic/claude-4.5-sonnet,85,1,success
anthropic/claude-4.5-sonnet,85,1,success
anthropic/claude-4.5-sonnet,85,1,success
anthropic/claude-4.5-sonnet,85,1,success
anthropic/claude-4.5-sonnet,85,1,success
anthropic/claude-4.5-sonnet,85,1,success
anthropic/claude-4.5-sonnet,85,1,success
anthropic/claude-4.5-sonnet,85,1,success
anthropic/claude-4.5-sonnet,85,1,success
anthropic/claude-4.5-sonnet,85,1,success
anthropic/claude-4.5-sonnet,85,1,success
anthropic/claude-4.5-sonnet,85,1,success
anthropic/claude-4.5-sonnet,85,1,success
anthropic/claude-4.5-sonnet,85,1,success
anthropic/claude-4.5-sonnet,85,1,success
anthropic/claude-4.5-sonnet,85,1,success
anthropic/claude-4.5-sonnet,85,1,success
anthropic/claude-4.5-sonnet,85,1,success
anthropic/claude-4.5-sonnet,85,1,success
anthropic/claude-4.5-sonnet,85,1,success
anthropic/claude-4.5-sonnet,85,1,success
anthropic/claude-4.5-sonnet,85,1,success
anthropic/claude-4.5-sonnet,85,1,success
anthropic/claude-4.5-sonnet,85,1,success
anthropic/claude-4.5-sonnet,85,1,success
anthropic/claude-4.5-sonnet,85,1,success
anthropic/claude-4.5-sonnet,85,1,success
anthropic/claude-4.5-sonnet,85,1,success
anthropic/claude-4.5-sonnet,85,1,success
anthropic/claude-4.5-sonnet,85,1,success
anthropic/claude-4.5-sonnet,85,1,success
anthropic/claude-4.5-sonnet,85,1,success
anthropic/claude-4.5-sonnet,85,1,success
anthropic/claude-4.5-sonnet,85,1,success
anthropic/claude-4.5-sonnet,85,1,success
anthropic/claude-4.5-sonnet,85,1,success
anthropic/claude-4.5-sonnet,85,1,success
anthropic/claude-4.5-sonnet,85,1,success
anthropic/claude-4.5-sonnet,85,1,success
anthropic/claude-4.5-sonnet,85,1,success
anthropic/claude-4.5-sonnet,85,1,success
anthropic/claude-4.5-sonnet,85,1,success
anthropic/claude-4.5-sonnet,85,1,success
anthropic/claude-4.5-sonnet,85,1,success
anthropic/claude-4.5-sonnet,85,1,success
anthropic/claude-4.5-sonnet,85,1,success
anthropic/claude-4.5-sonnet,85,1,success
anthropic/claude-4.5-sonnet,85,1,success
anthropic/claude-4.5-sonnet,85,1,success
anthropic/claude-4.5-sonnet,85,1,success
anthropic/claude-4.5-sonnet,85,1,success
anthropic/claude-4.5-sonnet,85,1,success
anthropic/claude-4.5-sonnet,85,1,success
anthropic/claude-4.5-sonnet,85,1,success
anthropic/claude-4.5-sonnet,85,1,success
anthropic/claude-4.5-sonnet,85,1,success
anthropic/claude-4.5-sonnet,85,1,success
anthropic/claude-4.5-sonnet,85,1,success
anthropic/claude-4.5-sonnet,85,1,success
anthropic/claude-4.5-sonnet,85,1,success
anthropic/claude-4.5-sonnet,85,1,success
anthropic/claude-4.5-sonnet,85,1,success
anthropic/claude-4.5-sonnet,85,1,success
anthropic/claude-4.5-sonnet,85,1,success
anthropic/claude-4.5-sonnet,85,1,success
anthropic/claude-4.5-sonnet,85,1,success
anthropic/claude-4.5-sonnet,85,1,success
anthropic/claude-4.5-sonnet,85,1,success
anthropic/claude-4.5-sonnet,85,1,success
anthropic/claude-4.5-sonnet,85,1,success
anthropic/claude-4.5-sonnet,85,1,success
anthropic/claude-4.5-sonnet,85,1,success
anthropic/claude-4.5-sonnet,85,1,success
anthropic/claude-4.5-sonnet,85,1,success
anthropic/claude-4.5-sonnet,85,1,success
anthropic/claude-4.5-sonnet,85,1,success
anthropic/claude-4.5-sonnet,85,1,success
anthropic/claude-4.5-sonnet,85,1,success
anthropic/claude-4.5-sonnet,90,1,success
anthropic/claude-4.5-sonnet,90,1,success
anthropic/claude-4.5-sonnet,90,1,success
anthropic/claude-4.5-sonnet,90,1,success
anthropic/claude-4.5-sonnet,90,1,success
anthropic/claude-4.5-sonnet,90,1,success
anthropic/claude-4.5-sonnet,90,1,success
anthropic/claude-4.5-sonnet,90,1,success
anthropic/claude-4.5-sonnet,90,1,success
anthropic/claude-4.5-sonnet,90,1,success
anthropic/claude-4.5-sonnet,90,1,success
anthropic/claude-4.5-sonnet,90,1,success
anthropic/claude-4.5-sonnet,90,1,success
anthropic/claude-4.5-sonnet,90,1,success
anthropic/claude-4.5-sonnet,90,1,success
anthropic/claude-4.5-sonnet,90,1,success
anthropic/claude-4.5-sonnet,90,1,success
anthropic/claude-4.5-sonnet,90,1,success
anthropic/claude-4.5-sonnet,90,1,success
anthropic/claude-4.5-sonnet,90,1,success
anthropic/claude-4.5-sonnet,90,1,success
anthropic/claude-4.5-sonnet,90,1,success
anthropic/claude-4.5-sonnet,90,1,success
anthropic/claude-4.5-sonnet,90,1,success
anthropic/claude-4.5-sonnet,90,1,success
anthropic/claude-4.5-sonnet,90,1,success
anthropic/claude-4.5-sonnet,90,1,success
anthropic/claude-4.5-sonnet,90,1,success
anthropic/claude-4.5-sonnet,90,1,success
anthropic/claude-4.5-sonnet,90,1,success
anthropic/claude-4.5-sonnet,90,1,success
anthropic/claude-4.5-sonnet,90,1,success
anthropic/claude-4.5-sonnet,90,1,success
anthropic/claude-4.5-sonnet,90,1,success
anthropic/claude-4.5-sonnet,90,1,success
anthropic/claude-4.5-sonnet,90,1,success
anthropic/claude-4.5-sonnet,90,1,success
anthropic/claude-4.5-sonnet,90,1,success
anthropic/claude-4.5-sonnet,90,1,success
anthropic/claude-4.5-sonnet,90,1,success
anthropic/claude-4.5-sonnet,90,1,success
anthropic/claude-4.5-sonnet,90,1,success
anthropic/claude-4.5-sonnet,90,1,success
anthropic/claude-4.5-sonnet,90,1,success
anthropic/claude-4.5-sonnet,90,1,success
anthropic/claude-4.5-sonnet,90,1,success
anthropic/claude-4.5-sonnet,90,1,success
anthropic/claude-4.5-sonnet,90,1,success
anthropic/claude-4.5-sonnet,90,1,success
anthropic/claude-4.5-sonnet,90,1,success
anthropic/claude-4.5-sonnet,90,1,success
anthropic/claude-4.5-sonnet,90,1,success
anthropic/claude-4.5-sonnet,90,1,success
anthropic/claude-4.5-sonnet,90,1,success
anthropic/claude-4.5-sonnet,90,1,success
anthropic/claude-4.5-sonnet,90,1,success
anthropic/claude-4.5-sonnet,90,1,success
anthropic/claude-4.5-sonnet,90,1,success
anthropic/claude-4.5-sonnet,90,1,success
anthropic/claude-4.5-sonnet,90,1,success
anthropic/claude-4.5-sonnet,90,1,success
anthropic/claude-4.5-sonnet,90,1,success
anthropic/claude-4.5-sonnet,90,1,success
anthropic/claude-4.5-sonnet,90,1,success
anthropic/claude-4.5-sonnet,90,1,success
anthropic/claude-4.5-sonnet,90,1,success
anthropic/claude-4.5-sonnet,90,1,success
anthropic/claude-4.5-sonnet,90,1,success
anthropic/claude-4.5-sonnet,90,1,success
anthropic/claude-4.5-sonnet,90,1,success
anthropic/claude-4.5-sonnet,90,1,success
anthropic/claude-4.5-sonnet,90,1,success
anthropic/claude-4.5-sonnet,90,1,success
anthropic/claude-4.5-sonnet,90,1,success
anthropic/claude-4.5-sonnet,90,1,success
anthropic/claude-4.5-sonnet,90,1,success
anthropic/claude-4.5-sonnet,90,1,success
anthropic/claude-4.5-sonnet,90,1,success
anthropic/claude-4.5-sonnet,90,1,success
anthropic/claude-4.5-sonnet,90,1,success
anthropic/claude-4.5-sonnet,90,1,success
anthropic/claude-4.5-sonnet,90,1,success
anthropic/claude-4.5-sonnet,90,1,success
anthropic/claude-4.5-sonnet,90,1,success
anthropic/claude-4.5-sonnet,90,1,success
anthropic/claude-4.5-sonnet,90,1,success
anthropic/claude-4.5-sonnet,90,1,success
anthropic/claude-4.5-sonnet,90,1,success
anthropic/claude-4.5-sonnet,90,1,success
anthropic/claude-4.5-sonnet,90,1,success
anthropic/claude-4.5-sonnet,90,1,success
anthropic/claude-4.5-sonnet,90,1,success
anthropic/claude-4.5-sonnet,90,1,success
anthropic/claude-4.5-sonnet,90,1,success
anthropic/claude-4.5-sonnet,90,1,success
anthropic/claude-4.5-sonnet,90,1,success
anthropic/claude-4.5-sonnet,90,1,success
anthropic/claude-4.5-sonnet,90,1,success
anthropic/claude-4.5-sonnet,90,1,success
anthropic/claude-4.5-sonnet,90,1,success
anthropic/claude-4.5-sonnet,95,1,success
anthropic/claude-4.5-sonnet,95,1,success
anthropic/claude-4.5-sonnet,95,1,success
anthropic/claude-4.5-sonnet,95,1,success
anthropic/claude-4.5-sonnet,95,1,success
anthropic/claude-4.5-sonnet,95,1,success
anthropic/claude-4.5-sonnet,95,1,success
anthropic/claude-4.5-sonnet,95,1,success
anthropic/claude-4.5-sonnet,95,1,success
anthropic/claude-4.5-sonnet,95,1,success
anthropic/claude-4.5-sonnet,95,1,success
anthropic/claude-4.5-sonnet,95,1,success
anthropic/claude-4.5-sonnet,95,1,success
anthropic/claude-4.5-sonnet,95,1,success
anthropic/claude-4.5-sonnet,95,1,success
anthropic/claude-4.5-sonnet,95,1,success
anthropic/claude-4.5-sonnet,95,1,success
anthropic/claude-4.5-sonnet,95,1,success
anthropic/claude-4.5-sonnet,95,1,success
anthropic/claude-4.5-sonnet,95,1,success
anthropic/claude-4.5-sonnet,95,1,success
anthropic/claude-4.5-sonnet,95,1,success
anthropic/claude-4.5-sonnet,95,1,success
anthropic/claude-4.5-sonnet,95,1,success
anthropic/claude-4.5-sonnet,95,1,success
anthropic/claude-4.5-sonnet,95,1,success
anthropic/claude-4.5-sonnet,95,1,success
anthropic/claude-4.5-sonnet,95,1,success
anthropic/claude-4.5-sonnet,95,1,success
anthropic/claude-4.5-sonnet,95,1,success
anthropic/claude-4.5-sonnet,95,1,success
anthropic/claude-4.5-sonnet,95,1,success
anthropic/claude-4.5-sonnet,95,1,success
anthropic/claude-4.5-sonnet,95,1,success
anthropic/claude-4.5-sonnet,95,1,success
anthropic/claude-4.5-sonnet,95,1,success
anthropic/claude-4.5-sonnet,95,1,success
anthropic/claude-4.5-sonnet,95,1,success
anthropic/claude-4.5-sonnet,95,1,success
anthropic/claude-4.5-sonnet,95,1,success
anthropic/claude-4.5-sonnet,95,1,success
anthropic/claude-4.5-sonnet,95,1,success
anthropic/claude-4.5-sonnet,95,1,success
anthropic/claude-4.5-sonnet,95,1,success
anthropic/claude-4.5-sonnet,95,1,success
anthropic/claude-4.5-sonnet,95,1,success
anthropic/claude-4.5-sonnet,95,1,success
anthropic/claude-4.5-sonnet,95,1,success
anthropic/claude-4.5-sonnet,95,1,success
anthropic/claude-4.5-sonnet,95,1,success
anthropic/claude-4.5-sonnet,95,1,success
anthropic/claude-4.5-sonnet,95,1,success
anthropic/claude-4.5-sonnet,95,1,success
anthropic/claude-4.5-sonnet,95,1,success
anthropic/claude-4.5-sonnet,95,1,success
anthropic/claude-4.5-sonnet,95,1,success
anthropic/claude-4.5-sonnet,95,1,success
anthropic/claude-4.5-sonnet,95,1,success
anthropic/claude-4.5-sonnet,95,1,success
anthropic/claude-4.5-sonnet,95,1,success
anthropic/claude-4.5-sonnet,95,1,success
anthropic/claude-4.5-sonnet,95,1,success
anthropic/claude-4.5-sonnet,95,1,success
anthropic/claude-4.5-sonnet,95,1,success
anthropic/claude-4.5-sonnet,95,1,success
anthropic/claude-4.5-sonnet,95,1,success
anthropic/claude-4.5-sonnet,95,1,success
anthropic/claude-4.5-sonnet,95,1,success
anthropic/claude-4.5-sonnet,95,1,success
anthropic/claude-4.5-sonnet,95,1,success
anthropic/claude-4.5-sonnet,95,1,success
anthropic/claude-4.5-sonnet,95,1,success
anthropic/claude-4.5-sonnet,95,1,success
anthropic/claude-4.5-sonnet,95,1,success
anthropic/claude-4.5-sonnet,95,1,success
anthropic/claude-4.5-sonnet,95,1,success
anthropic/claude-4.5-sonnet,95,1,success
anthropic/claude-4.5-sonnet,95,1,success
anthropic/claude-4.5-sonnet,95,1,success
anthropic/claude-4.5-sonnet,95,1,success
anthropic/claude-4.5-sonnet,95,1,success
anthropic/claude-4.5-sonnet,95,1,success
anthropic/claude-4.5-sonnet,95,1,success
anthropic/claude-4.5-sonnet,95,1,success
anthropic/claude-4.5-sonnet,95,1,success
anthropic/claude-4.5-sonnet,95,1,success
anthropic/claude-4.5-sonnet,95,1,success
anthropic/claude-4.5-sonnet,95,1,success
anthropic/claude-4.5-sonnet,95,1,success
anthropic/claude-4.5-sonnet,95,1,success
anthropic/claude-4.5-sonnet,95,1,success
anthropic/claude-4.5-sonnet,95,1,success
anthropic/claude-4.5-sonnet,95,1,success
anthropic/claude-4.5-sonnet,95,1,success
anthropic/claude-4.5-sonnet,95,1,success
anthropic/claude-4.5-sonnet,95,1,success
anthropic/claude-4.5-sonnet,95,1,success
anthropic/claude-4.5-sonnet,95,1,success
anthropic/claude-4.5-sonnet,95,1,success
anthropic/claude-4.5-sonnet,95,1,success
anthropic/claude-4.5-sonnet,100,1,success
anthropic/claude-4.5-sonnet,100,1,success
anthropic/claude-4.5-sonnet,100,1,success
anthropic/claude-4.5-sonnet,100,1,success
anthropic/claude-4.5-sonnet,100,1,success
anthropic/claude-4.5-sonnet,100,1,success
anthropic/claude-4.5-sonnet,100,1,success
anthropic/claude-4.5-sonnet,100,1,success
anthropic/claude-4.5-sonnet,100,1,success
anthropic/claude-4.5-sonnet,100,1,success
anthropic/claude-4.5-sonnet,100,1,success
anthropic/claude-4.5-sonnet,100,1,success
anthropic/claude-4.5-sonnet,100,1,success
anthropic/claude-4.5-sonnet,100,1,success
anthropic/claude-4.5-sonnet,100,1,success
anthropic/claude-4.5-sonnet,100,1,success
anthropic/claude-4.5-sonnet,100,1,success
anthropic/claude-4.5-sonnet,100,1,success
anthropic/claude-4.5-sonnet,100,1,success
anthropic/claude-4.5-sonnet,100,1,success
anthropic/claude-4.5-sonnet,100,1,success
anthropic/claude-4.5-sonnet,100,1,success
anthropic/claude-4.5-sonnet,100,1,success
anthropic/claude-4.5-sonnet,100,1,success
anthropic/claude-4.5-sonnet,100,1,success
anthropic/claude-4.5-sonnet,100,1,success
anthropic/claude-4.5-sonnet,100,1,success
anthropic/claude-4.5-sonnet,100,1,success
anthropic/claude-4.5-sonnet,100,1,success
anthropic/claude-4.5-sonnet,100,1,success
anthropic/claude-4.5-sonnet,100,1,success
anthropic/claude-4.5-sonnet,100,1,success
anthropic/claude-4.5-sonnet,100,1,success
anthropic/claude-4.5-sonnet,100,1,success
anthropic/claude-4.5-sonnet,100,1,success
anthropic/claude-4.5-sonnet,100,1,success
anthropic/claude-4.5-sonnet,100,1,success
anthropic/claude-4.5-sonnet,100,1,success
anthropic/claude-4.5-sonnet,100,1,success
anthropic/claude-4.5-sonnet,100,1,success
anthropic/claude-4.5-sonnet,100,1,success
anthropic/claude-4.5-sonnet,100,1,success
anthropic/claude-4.5-sonnet,100,1,success
anthropic/claude-4.5-sonnet,100,1,success
anthropic/claude-4.5-sonnet,100,1,success
anthropic/claude-4.5-sonnet,100,1,success
anthropic/claude-4.5-sonnet,100,1,success
anthropic/claude-4.5-sonnet,100,1,success
anthropic/claude-4.5-sonnet,100,1,success
anthropic/claude-4.5-sonnet,100,1,success
anthropic/claude-4.5-sonnet,100,1,success
anthropic/claude-4.5-sonnet,100,1,success
anthropic/claude-4.5-sonnet,100,1,success
anthropic/claude-4.5-sonnet,100,1,success
anthropic/claude-4.5-sonnet,100,1,success
anthropic/claude-4.5-sonnet,100,1,success
anthropic/claude-4.5-sonnet,100,1,success
anthropic/claude-4.5-sonnet,100,1,success
anthropic/claude-4.5-sonnet,100,1,success
anthropic/claude-4.5-sonnet,100,1,success
anthropic/claude-4.5-sonnet,100,1,success
anthropic/claude-4.5-sonnet,100,1,success
anthropic/claude-4.5-sonnet,100,1,success
anthropic/claude-4.5-sonnet,100,1,success
anthropic/claude-4.5-sonnet,100,1,success
anthropic/claude-4.5-sonnet,100,1,success
anthropic/claude-4.5-sonnet,100,1,success
anthropic/claude-4.5-sonnet,100,1,success
anthropic/claude-4.5-sonnet,100,1,success
anthropic/claude-4.5-sonnet,100,1,success
anthropic/claude-4.5-sonnet,100,1,success
anthropic/claude-4.5-sonnet,100,1,success
anthropic/claude-4.5-sonnet,100,1,success
anthropic/claude-4.5-sonnet,100,1,success
anthropic/claude-4.5-sonnet,100,1,success
anthropic/claude-4.5-sonnet,100,1,success
anthropic/claude-4.5-sonnet,100,1,success
anthropic/claude-4.5-sonnet,100,1,success
anthropic/claude-4.5-sonnet,100,1,success
anthropic/claude-4.5-sonnet,100,1,success
anthropic/claude-4.5-sonnet,100,1,success
anthropic/claude-4.5-sonnet,100,1,success
anthropic/claude-4.5-sonnet,100,1,success
anthropic/claude-4.5-sonnet,100,1,success
anthropic/claude-4.5-sonnet,100,1,success
anthropic/claude-4.5-sonnet,100,1,success
anthropic/claude-4.5-sonnet,100,1,success
anthropic/claude-4.5-sonnet,100,1,success
anthropic/claude-4.5-sonnet,100,1,success
anthropic/claude-4.5-sonnet,100,1,success
anthropic/claude-4.5-sonnet,100,1,success
anthropic/claude-4.5-sonnet,100,1,success
anthropic/claude-4.5-sonnet,100,1,success
anthropic/claude-4.5-sonnet,100,1,success
anthropic/claude-4.5-sonnet,100,1,success
anthropic/claude-4.5-sonnet,100,1,success
anthropic/claude-4.5-sonnet,100,1,success
anthropic/claude-4.5-sonnet,100,1,success
anthropic/claude-4.5-sonnet,100,1,success
anthropic/claude-4.5-sonnet,100,1,success
anthropic/claude-4.5-sonnet,0,0,success
anthropic/claude-4.5-sonnet,0,0,success
anthropic/claude-4.5-sonnet,0,0,success
anthropic/claude-4.5-sonnet,0,0,success
anthropic/claude-4.5-sonnet,0,0,success
anthropic/claude-4.5-sonnet,0,0,success
anthropic/claude-4.5-sonnet,0,0,success
anthropic/claude-4.5-sonnet,0,0,success
anthropic/claude-4.5-sonnet,0,0,success
anthropic/claude-4.5-sonnet,0,0,success
anthropic/claude-4.5-sonnet,0,0,success
anthropic/claude-4.5-sonnet,0,0,success
anthropic/claude-4.5-sonnet,0,0,success
anthropic/claude-4.5-sonnet,0,0,success
anthropic/claude-4.5-sonnet,0,0,success
anthropic/claude-4.5-sonnet,0,0,success
anthropic/claude-4.5-sonnet,0,0,success
anthropic/claude-4.5-sonnet,0,0,success
anthropic/claude-4.5-sonnet,0,0,success
anthropic/claude-4.5-sonnet,0,0,success
anthropic/claude-4.5-sonnet,0,0,success
anthropic/claude-4.5-sonnet,0,0,success
anthropic/claude-4.5-sonnet,0,0,success
anthropic/claude-4.5-sonnet,0,0,success
anthropic/claude-4.5-sonnet,0,0,success
anthropic/claude-4.5-sonnet,0,0,success
anthropic/claude-4.5-sonnet,0,0,success
anthropic/claude-4.5-sonnet,0,0,success
anthropic/claude-4.5-sonnet,0,0,success
anthropic/claude-4.5-sonnet,0,0,success
anthropic/claude-4.5-sonnet,0,0,success
anthropic/claude-4.5-sonnet,0,0,success
anthropic/claude-4.5-sonnet,0,0,success
anthropic/claude-4.5-sonnet,0,0,success
anthropic/claude-4.5-sonnet,0,0,success
anthropic/claude-4.5-sonnet,0,0,success
anthropic/claude-4.5-sonnet,0,0,success
anthropic/claude-4.5-sonnet,0,0,success
anthropic/claude-4.5-sonnet,0,0,success
anthropic/claude-4.5-sonnet,0,0,success
anthropic/claude-4.5-sonnet,0,0,success
anthropic/claude-4.5-sonnet,0,0,success
anthropic/claude-4.5-sonnet,0,0,success
anthropic/claude-4.5-sonnet,0,0,success
anthropic/claude-4.5-sonnet,0,0,success
anthropic/claude-4.5-sonnet,0,0,success
anthropic/claude-4.5-sonnet,0,0,success
anthropic/claude-4.5-sonnet,0,0,success
anthropic/claude-4.5-sonnet,0,0,success
anthropic/claude-4.5-sonnet,0,0,success
anthropic/claude-4.5-sonnet,0,0,success
anthropic/claude-4.5-sonnet,0,0,success
anthropic/claude-4.5-sonnet,0,0,success
anthropic/claude-4.5-sonnet,0,0,success
anthropic/claude-4.5-sonnet,0,0,success
anthropic/claude-4.5-sonnet,0,0,success
anthropic/claude-4.5-sonnet,0,0,success
anthropic/claude-4.5-sonnet,0,0,success
anthropic/claude-4.5-sonnet,0,0,success
anthropic/claude-4.5-sonnet,0,0,success
anthropic/claude-4.5-sonnet,0,0,success
anthropic/claude-4.5-sonnet,0,0,success
anthropic/claude-4.5-sonnet,0,0,success
anthropic/claude-4.5-sonnet,0,0,success
anthropic/claude-4.5-sonnet,0,0,success
anthropic/claude-4.5-sonnet,0,0,success
anthropic/claude-4.5-sonnet,0,0,success
anthropic/claude-4.5-sonnet,0,0,success
anthropic/claude-4.5-sonnet,0,0,success
anthropic/claude-4.5-sonnet,0,0,success
anthropic/claude-4.5-sonnet,0,0,success
anthropic/claude-4.5-sonnet,0,0,success
anthropic/claude-4.5-sonnet,0,0,success
anthropic/claude-4.5-sonnet,0,0,success
anthropic/claude-4.5-sonnet,0,0,success
anthropic/claude-4.5-sonnet,0,0,success
anthropic/claude-4.5-sonnet,0,0,success
anthropic/claude-4.5-sonnet,0,0,success
anthropic/claude-4.5-sonnet,0,0,success
anthropic/claude-4.5-sonnet,0,0,success
anthropic/claude-4.5-sonnet,0,0,success
anthropic/claude-4.5-sonnet,0,0,success
anthropic/claude-4.5-sonnet,0,0,success
anthropic/claude-4.5-sonnet,0,0,success
anthropic/claude-4.5-sonnet,0,0,success
anthropic/claude-4.5-sonnet,0,0,success
anthropic/claude-4.5-sonnet,0,0,success
anthropic/claude-4.5-sonnet,0,0,success
anthropic/claude-4.5-sonnet,0,0,success
anthropic/claude-4.5-sonnet,0,0,success
anthropic/claude-4.5-sonnet,0,0,success
anthropic/claude-4.5-sonnet,0,0,success
anthropic/claude-4.5-sonnet,0,0,success
anthropic/claude-4.5-sonnet,0,0,success
anthropic/claude-4.5-sonnet,0,0,success
anthropic/claude-4.5-sonnet,0,0,success
anthropic/claude-4.5-sonnet,0,0,success
anthropic/claude-4.5-sonnet,0,0,success
anthropic/claude-4.5-sonnet,0,0,success
anthropic/claude-4.5-sonnet,0,0,success
anthropic/claude-4.5-sonnet,5,0,success
anthropic/claude-4.5-sonnet,5,0,success
anthropic/claude-4.5-sonnet,5,0,success
anthropic/claude-4.5-sonnet,5,0,success
anthropic/claude-4.5-sonnet,5,0,success
anthropic/claude-4.5-sonnet,5,0,success
anthropic/claude-4.5-sonnet,5,0,success
anthropic/claude-4.5-sonnet,5,0,success
anthropic/claude-4.5-sonnet,5,0,success
anthropic/claude-4.5-sonnet,5,0,success
anthropic/claude-4.5-sonnet,5,0,success
anthropic/claude-4.5-sonnet,5,0,success
anthropic/claude-4.5-sonnet,5,0,success
anthropic/claude-4.5-sonnet,5,0,success
anthropic/claude-4.5-sonnet,5,0,success
anthropic/claude-4.5-sonnet,5,0,success
anthropic/claude-4.5-sonnet,5,0,success
anthropic/claude-4.5-sonnet,5,0,success
anthropic/claude-4.5-sonnet,5,0,success
anthropic/claude-4.5-sonnet,5,0,success
anthropic/claude-4.5-sonnet,5,0,success
anthropic/claude-4.5-sonnet,5,0,success
anthropic/claude-4.5-sonnet,5,0,success
anthropic/claude-4.5-sonnet,5,0,success
anthropic/claude-4.5-sonnet,5,0,success
anthropic/claude-4.5-sonnet,5,0,success
anthropic/claude-4.5-sonnet,5,0,success
anthropic/claude-4.5-sonnet,5,0,success
anthropic/claude-4.5-sonnet,5,0,success
anthropic/claude-4.5-sonnet,5,0,success
anthropic/claude-4.5-sonnet,5,0,success
anthropic/claude-4.5-sonnet,5,0,success
anthropic/claude-4.5-sonnet,5,0,success
anthropic/claude-4.5-sonnet,5,0,success
anthropic/claude-4.5-sonnet,5,0,success
anthropic/claude-4.5-sonnet,5,0,success
anthropic/claude-4.5-sonnet,5,0,success
anthropic/claude-4.5-sonnet,5,0,success
anthropic/claude-4.5-sonnet,5,0,success
anthropic/claude-4.5-sonnet,5,0,success
anthropic/claude-4.5-sonnet,5,0,success
anthropic/claude-4.5-sonnet,5,0,success
anthropic/claude-4.5-sonnet,5,0,success
anthropic/claude-4.5-sonnet,5,0,success
anthropic/claude-4.5-sonnet,5,0,success
anthropic/claude-4.5-sonnet,5,0,success
anthropic/claude-4.5-sonnet,5,0,success
anthropic/claude-4.5-sonnet,5,0,success
anthropic/claude-4.5-sonnet,5,0,success
anthropic/claude-4.5-sonnet,5,0,success
anthropic/claude-4.5-sonnet,5,0,success
anthropic/claude-4.5-sonnet,5,0,success
anthropic/claude-4.5-sonnet,5,0,success
anthropic/claude-4.5-sonnet,5,0,success
anthropic/claude-4.5-sonnet,5,0,success
anthropic/claude-4.5-sonnet,5,0,success
anthropic/claude-4.5-sonnet,5,0,success
anthropic/claude-4.5-sonnet,5,0,success
anthropic/claude-4.5-sonnet,5,0,success
anthropic/claude-4.5-sonnet,5,0,success
anthropic/claude-4.5-sonnet,5,0,success
anthropic/claude-4.5-sonnet,5,0,success
anthropic/claude-4.5-sonnet,5,0,success
anthropic/claude-4.5-sonnet,5,0,success
anthropic/claude-4.5-sonnet,5,0,success
anthropic/claude-4.5-sonnet,5,0,success
anthropic/claude-4.5-sonnet,5,0,success
anthropic/claude-4.5-sonnet,5,0,success
anthropic/claude-4.5-sonnet,5,0,success
anthropic/claude-4.5-sonnet,5,0,success
anthropic/claude-4.5-sonnet,5,0,success
anthropic/claude-4.5-sonnet,5,0,success
anthropic/claude-4.5-sonnet,5,0,success
anthropic/claude-4.5-sonnet,5,0,success
anthropic/claude-4.5-sonnet,5,0,success
anthropic/claude-4.5-sonnet,5,0,success
anthropic/claude-4.5-sonnet,5,0,success
anthropic/claude-4.5-sonnet,5,0,success
anthropic/claude-4.5-sonnet,5,0,success
anthropic/claude-4.5-sonnet,5,0,success
anthropic/claude-4.5-sonnet,5,0,success
anthropic/claude-4.5-sonnet,5,0,success
anthropic/claude-4.5-sonnet,5,0,success
anthropic/claude-4.5-sonnet,5,0,success
anthropic/claude-4.5-sonnet,5,0,success
anthropic/claude-4.5-sonnet,5,0,success
anthropic/claude-4.5-sonnet,5,0,success
anthropic/claude-4.5-sonnet,5,0,success
anthropic/claude-4.5-sonnet,5,0,success
anthropic/claude-4.5-sonnet,5,0,success
anthropic/claude-4.5-sonnet,5,0,success
anthropic/claude-4.5-sonnet,5,0,success
anthropic/claude-4.5-sonnet,5,0,success
anthropic/claude-4.5-sonnet,5,0,success
anthropic/claude-4.5-sonnet,5,0,success
anthropic/claude-4.5-sonnet,5,0,success
anthropic/claude-4.5-sonnet,5,0,success
anthropic/claude-4.5-sonnet,5,0,success
anthropic/claude-4.5-sonnet,5,0,success
anthropic/claude-4.5-sonnet,5,0,success
anthropic/claude-4.5-sonnet,10,0,success
anthropic/claude-4.5-sonnet,10,0,success
anthropic/claude-4.5-sonnet,10,0,success
anthropic/claude-4.5-sonnet,10,0,success
anthropic/claude-4.5-sonnet,10,0,success
anthropic/claude-4.5-sonnet,10,0,success
anthropic/claude-4.5-sonnet,10,0,success
anthropic/claude-4.5-sonnet,10,0,success
anthropic/claude-4.5-sonnet,10,0,success
anthropic/claude-4.5-sonnet,10,0,success
anthropic/claude-4.5-sonnet,10,0,success
anthropic/claude-4.5-sonnet,10,0,success
anthropic/claude-4.5-sonnet,10,0,success
anthropic/claude-4.5-sonnet,10,0,success
anthropic/claude-4.5-sonnet,10,0,success
anthropic/claude-4.5-sonnet,10,0,success
anthropic/claude-4.5-sonnet,10,0,success
anthropic/claude-4.5-sonnet,10,0,success
anthropic/claude-4.5-sonnet,10,0,success
anthropic/claude-4.5-sonnet,10,0,success
anthropic/claude-4.5-sonnet,10,0,success
anthropic/claude-4.5-sonnet,10,0,success
anthropic/claude-4.5-sonnet,10,0,success
anthropic/claude-4.5-sonnet,10,0,success
anthropic/claude-4.5-sonnet,10,0,success
anthropic/claude-4.5-sonnet,10,0,success
anthropic/claude-4.5-sonnet,10,0,success
anthropic/claude-4.5-sonnet,10,0,success
anthropic/claude-4.5-sonnet,10,0,success
anthropic/claude-4.5-sonnet,10,0,success
anthropic/claude-4.5-sonnet,10,0,success
anthropic/claude-4.5-sonnet,10,0,success
anthropic/claude-4.5-sonnet,10,0,success
anthropic/claude-4.5-sonnet,10,0,success
anthropic/claude-4.5-sonnet,10,0,success
anthropic/claude-4.5-sonnet,10,0,success
anthropic/claude-4.5-sonnet,10,0,success
anthropic/claude-4.5-sonnet,10,0,success
anthropic/claude-4.5-sonnet,10,0,success
anthropic/claude-4.5-sonnet,10,0,success
anthropic/claude-4.5-sonnet,10,0,success
anthropic/claude-4.5-sonnet,10,0,success
anthropic/claude-4.5-sonnet,10,0,success
anthropic/claude-4.5-sonnet,10,0,success
anthropic/claude-4.5-sonnet,10,0,success
anthropic/claude-4.5-sonnet,10,0,success
anthropic/claude-4.5-sonnet,10,0,success
anthropic/claude-4.5-sonnet,10,0,success
anthropic/claude-4.5-sonnet,10,0,success
anthropic/claude-4.5-sonnet,10,0,success
anthropic/claude-4.5-sonnet,10,0,success
anthropic/claude-4.5-sonnet,10,0,success
anthropic/claude-4.5-sonnet,10,0,success
anthropic/claude-4.5-sonnet,10,0,success
anthropic/claude-4.5-sonnet,10,0,success
anthropic/claude-4.5-sonnet,10,0,success
anthropic/claude-4.5-sonnet,10,0,success
anthropic/claude-4.5-sonnet,10,0,success
anthropic/claude-4.5-sonnet,10,0,success
anthropic/claude-4.5-sonnet,10,0,success
anthropic/claude-4.5-sonnet,10,0,success
anthropic/claude-4.5-sonnet,10,0,success
anthropic/claude-4.5-sonnet,10,0,success
anthropic/claude-4.5-sonnet,10,0,success
anthropic/claude-4.5-sonnet,10,0,success
anthropic/claude-4.5-sonnet,10,0,success
anthropic/claude-4.5-sonnet,10,0,success
anthropic/claude-4.5-sonnet,10,0,success
anthropic/claude-4.5-sonnet,10,0,success
anthropic/claude-4.5-sonnet,10,0,success
anthropic/claude-4.5-sonnet,10,0,success
anthropic/claude-4.5-sonnet,10,0,success
anthropic/claude-4.5-sonnet,10,0,success
anthropic/claude-4.5-sonnet,10,0,success
anthropic/claude-4.5-sonnet,10,0,success
anthropic/claude-4.5-sonnet,10,0,success
anthropic/claude-4.5-sonnet,10,0,success
anthropic/claude-4.5-sonnet,10,0,success
anthropic/claude-4.5-sonnet,10,0,success
anthropic/claude-4.5-sonnet,10,0,success
anthropic/claude-4.5-sonnet,10,0,success
anthropic/claude-4.5-sonnet,10,0,success
anthropic/claude-4.5-sonnet,10,0,success
anthropic/claude-4.5-sonnet,10,0,success
anthropic/claude-4.5-sonnet,10,0,success
anthropic/claude-4.5-sonnet,10,0,success
anthropic/claude-4.5-sonnet,10,0,success
anthropic/claude-4.5-sonnet,10,0,success
anthropic/claude-4.5-sonnet,10,0,success
anthropic/claude-4.5-sonnet,10,0,success
anthropic/claude-4.5-sonnet,10,0,success
anthropic/claude-4.5-sonnet,10,0,success
anthropic/claude-4.5-sonnet,10,0,success
anthropic/claude-4.5-sonnet,10,0,success
anthropic/claude-4.5-sonnet,10,0,success
anthropic/claude-4.5-sonnet,10,0,success
anthropic/claude-4.5-sonnet,10,0,success
anthropic/claude-4.5-sonnet,10,0,success
anthropic/claude-4.5-sonnet,10,0,success
anthropic/claude-4.5-sonnet,10,0,success
anthropic/claude-4.5-sonnet,15,0,success
anthropic/claude-4.5-sonnet,15,0,success
anthropic/claude-4.5-sonnet,15,0,success
anthropic/claude-4.5-sonnet,15,0,success
anthropic/claude-4.5-sonnet,15,0,success
anthropic/claude-4.5-sonnet,15,0,success
anthropic/claude-4.5-sonnet,15,0,success
anthropic/claude-4.5-sonnet,15,0,success
anthropic/claude-4.5-sonnet,15,0,success
anthropic/claude-4.5-sonnet,15,0,success
anthropic/claude-4.5-sonnet,15,0,success
anthropic/claude-4.5-sonnet,15,0,success
anthropic/claude-4.5-sonnet,15,0,success
anthropic/claude-4.5-sonnet,15,0,success
anthropic/claude-4.5-sonnet,15,0,success
anthropic/claude-4.5-sonnet,15,0,success
anthropic/claude-4.5-sonnet,15,0,success
anthropic/claude-4.5-sonnet,15,0,success
anthropic/claude-4.5-sonnet,15,0,success
anthropic/claude-4.5-sonnet,15,0,success
anthropic/claude-4.5-sonnet,15,0,success
anthropic/claude-4.5-sonnet,15,0,success
anthropic/claude-4.5-sonnet,15,0,success
anthropic/claude-4.5-sonnet,15,0,success
anthropic/claude-4.5-sonnet,15,0,success
anthropic/claude-4.5-sonnet,15,0,success
anthropic/claude-4.5-sonnet,15,0,success
anthropic/claude-4.5-sonnet,15,0,success
anthropic/claude-4.5-sonnet,15,0,success
anthropic/claude-4.5-sonnet,15,0,success
anthropic/claude-4.5-sonnet,15,0,success
anthropic/claude-4.5-sonnet,15,0,success
anthropic/claude-4.5-sonnet,15,0,success
anthropic/claude-4.5-sonnet,15,0,success
anthropic/claude-4.5-sonnet,15,0,success
anthropic/claude-4.5-sonnet,15,0,success
anthropic/claude-4.5-sonnet,15,0,success
anthropic/claude-4.5-sonnet,15,0,success
anthropic/claude-4.5-sonnet,15,0,success
anthropic/claude-4.5-sonnet,15,0,success
anthropic/claude-4.5-sonnet,15,0,success
anthropic/claude-4.5-sonnet,15,0,success
anthropic/claude-4.5-sonnet,15,0,success
anthropic/claude-4.5-sonnet,15,0,success
anthropic/claude-4.5-sonnet,15,0,success
anthropic/claude-4.5-sonnet,15,0,success
anthropic/claude-4.5-sonnet,15,0,success
anthropic/claude-4.5-sonnet,15,0,success
anthropic/claude-4.5-sonnet,15,0,success
anthropic/claude-4.5-sonnet,15,0,success
anthropic/claude-4.5-sonnet,15,0,success
anthropic/claude-4.5-sonnet,15,0,success
anthropic/claude-4.5-sonnet,15,0,success
anthropic/claude-4.5-sonnet,15,0,success
anthropic/claude-4.5-sonnet,15,0,success
anthropic/claude-4.5-sonnet,15,0,success
anthropic/claude-4.5-sonnet,15,0,success
anthropic/claude-4.5-sonnet,15,0,success
anthropic/claude-4.5-sonnet,15,0,success
anthropic/claude-4.5-sonnet,15,0,success
anthropic/claude-4.5-sonnet,15,0,success
anthropic/claude-4.5-sonnet,15,0,success
anthropic/claude-4.5-sonnet,15,0,success
anthropic/claude-4.5-sonnet,15,0,success
anthropic/claude-4.5-sonnet,15,0,success
anthropic/claude-4.5-sonnet,15,0,success
anthropic/claude-4.5-sonnet,15,0,success
anthropic/claude-4.5-sonnet,15,0,success
anthropic/claude-4.5-sonnet,15,0,success
anthropic/claude-4.5-sonnet,15,0,success
anthropic/claude-4.5-sonnet,15,0,success
anthropic/claude-4.5-sonnet,15,0,success
anthropic/claude-4.5-sonnet,15,0,success
anthropic/claude-4.5-sonnet,15,0,success
anthropic/claude-4.5-sonnet,15,0,success
anthropic/claude-4.5-sonnet,15,0,success
anthropic/claude-4.5-sonnet,15,0,success
anthropic/claude-4.5-sonnet,15,0,success
anthropic/claude-4.5-sonnet,15,0,success
anthropic/claude-4.5-sonnet,15,0,success
anthropic/claude-4.5-sonnet,15,0,success
anthropic/claude-4.5-sonnet,15,0,success
anthropic/claude-4.5-sonnet,15,0,success
anthropic/claude-4.5-sonnet,15,0,success
anthropic/claude-4.5-sonnet,15,0,success
anthropic/claude-4.5-sonnet,15,0,success
anthropic/claude-4.5-sonnet,15,0,success
anthropic/claude-4.5-sonnet,15,0,success
anthropic/claude-4.5-sonnet,15,0,success
anthropic/claude-4.5-sonnet,15,0,success
anthropic/claude-4.5-sonnet,15,0,success
anthropic/claude-4.5-sonnet,15,0,success
anthropic/claude-4.5-sonnet,15,0,success
anthropic/claude-4.5-sonnet,15,0,success
anthropic/claude-4.5-sonnet,15,0,success
anthropic/claude-4.5-sonnet,15,0,success
anthropic/claude-4.5-sonnet,15,0,success
anthropic/claude-4.5-sonnet,15,0,success
anthropic/claude-4.5-sonnet,15,0,success
anthropic/claude-4.5-sonnet,15,0,success
anthropic/claude-4.5-sonnet,20,0,success
anthropic/claude-4.5-sonnet,20,0,success
anthropic/claude-4.5-sonnet,20,0,success
anthropic/claude-4.5-sonnet,20,0,success
anthropic/claude-4.5-sonnet,20,0,success
anthropic/claude-4.5-sonnet,20,0,success
anthropic/claude-4.5-sonnet,20,0,success
anthropic/claude-4.5-sonnet,20,0,success
anthropic/claude-4.5-sonnet,20,0,success
anthropic/claude-4.5-sonnet,20,0,success
anthropic/claude-4.5-sonnet,20,0,success
anthropic/claude-4.5-sonnet,20,0,success
anthropic/claude-4.5-sonnet,20,0,success
anthropic/claude-4.5-sonnet,20,0,success
anthropic/claude-4.5-sonnet,20,0,success
anthropic/claude-4.5-sonnet,20,0,success
anthropic/claude-4.5-sonnet,20,0,success
anthropic/claude-4.5-sonnet,20,0,success
anthropic/claude-4.5-sonnet,20,0,success
anthropic/claude-4.5-sonnet,20,0,success
anthropic/claude-4.5-sonnet,20,0,success
anthropic/claude-4.5-sonnet,20,0,success
anthropic/claude-4.5-sonnet,20,0,success
anthropic/claude-4.5-sonnet,20,0,success
anthropic/claude-4.5-sonnet,20,0,success
anthropic/claude-4.5-sonnet,20,0,success
anthropic/claude-4.5-sonnet,20,0,success
anthropic/claude-4.5-sonnet,20,0,success
anthropic/claude-4.5-sonnet,20,0,success
anthropic/claude-4.5-sonnet,20,0,success
anthropic/claude-4.5-sonnet,20,0,success
anthropic/claude-4.5-sonnet,20,0,success
anthropic/claude-4.5-sonnet,20,0,success
anthropic/claude-4.5-sonnet,20,0,success
anthropic/claude-4.5-sonnet,20,0,success
anthropic/claude-4.5-sonnet,20,0,success
anthropic/claude-4.5-sonnet,20,0,success
anthropic/claude-4.5-sonnet,20,0,success
anthropic/claude-4.5-sonnet,20,0,success
anthropic/claude-4.5-sonnet,20,0,success
anthropic/claude-4.5-sonnet,20,0,success
anthropic/claude-4.5-sonnet,20,0,success
anthropic/claude-4.5-sonnet,20,0,success
anthropic/claude-4.5-sonnet,20,0,success
anthropic/claude-4.5-sonnet,20,0,success
anthropic/claude-4.5-sonnet,20,0,success
anthropic/claude-4.5-sonnet,20,0,success
anthropic/claude-4.5-sonnet,20,0,success
anthropic/claude-4.5-sonnet,20,0,success
anthropic/claude-4.5-sonnet,20,0,success
anthropic/claude-4.5-sonnet,20,0,success
anthropic/claude-4.5-sonnet,20,0,success
anthropic/claude-4.5-sonnet,20,0,success
anthropic/claude-4.5-sonnet,20,0,success
anthropic/claude-4.5-sonnet,20,0,success
anthropic/claude-4.5-sonnet,20,0,success
anthropic/claude-4.5-sonnet,20,0,success
anthropic/claude-4.5-sonnet,20,0,success
anthropic/claude-4.5-sonnet,20,0,success
anthropic/claude-4.5-sonnet,20,0,success
anthropic/claude-4.5-sonnet,20,0,success
anthropic/claude-4.5-sonnet,20,0,success
anthropic/claude-4.5-sonnet,20,0,success
anthropic/claude-4.5-sonnet,20,0,success
anthropic/claude-4.5-sonnet,20,0,success
anthropic/claude-4.5-sonnet,20,0,success
anthropic/claude-4.5-sonnet,20,0,success
anthropic/claude-4.5-sonnet,20,0,success
anthropic/claude-4.5-sonnet,20,0,success
anthropic/claude-4.5-sonnet,20,0,success
anthropic/claude-4.5-sonnet,20,0,success
anthropic/claude-4.5-sonnet,20,0,success
anthropic/claude-4.5-sonnet,20,0,success
anthropic/claude-4.5-sonnet,20,0,success
anthropic/claude-4.5-sonnet,20,0,success
anthropic/claude-4.5-sonnet,20,0,success
anthropic/claude-4.5-sonnet,20,0,success
anthropic/claude-4.5-sonnet,20,0,success
anthropic/claude-4.5-sonnet,20,0,success
anthropic/claude-4.5-sonnet,20,0,success
anthropic/claude-4.5-sonnet,20,0,success
anthropic/claude-4.5-sonnet,20,0,success
anthropic/claude-4.5-sonnet,20,0,success
anthropic/claude-4.5-sonnet,20,0,success
anthropic/claude-4.5-sonnet,20,0,success
anthropic/claude-4.5-sonnet,20,0,success
anthropic/claude-4.5-sonnet,20,0,success
anthropic/claude-4.5-sonnet,20,0,success
anthropic/claude-4.5-sonnet,20,0,success
anthropic/claude-4.5-sonnet,20,0,success
anthropic/claude-4.5-sonnet,20,0,success
anthropic/claude-4.5-sonnet,20,0,success
anthropic/claude-4.5-sonnet,20,0,success
anthropic/claude-4.5-sonnet,20,0,success
anthropic/claude-4.5-sonnet,20,0,success
anthropic/claude-4.5-sonnet,20,0,success
anthropic/claude-4.5-sonnet,20,0,success
anthropic/claude-4.5-sonnet,20,0,success
anthropic/claude-4.5-sonnet,20,0,success
anthropic/claude-4.5-sonnet,20,0,success
anthropic/claude-4.5-sonnet,25,0,success
anthropic/claude-4.5-sonnet,25,0,success
anthropic/claude-4.5-sonnet,25,0,success
anthropic/claude-4.5-sonnet,25,0,success
anthropic/claude-4.5-sonnet,25,0,success
anthropic/claude-4.5-sonnet,25,0,success
anthropic/claude-4.5-sonnet,25,0,success
anthropic/claude-4.5-sonnet,25,0,success
anthropic/claude-4.5-sonnet,25,0,success
anthropic/claude-4.5-sonnet,25,0,success
anthropic/claude-4.5-sonnet,25,0,success
anthropic/claude-4.5-sonnet,25,0,success
anthropic/claude-4.5-sonnet,25,0,success
anthropic/claude-4.5-sonnet,25,0,success
anthropic/claude-4.5-sonnet,25,0,success
anthropic/claude-4.5-sonnet,25,0,success
anthropic/claude-4.5-sonnet,25,0,success
anthropic/claude-4.5-sonnet,25,0,success
anthropic/claude-4.5-sonnet,25,0,success
anthropic/claude-4.5-sonnet,25,0,success
anthropic/claude-4.5-sonnet,25,0,success
anthropic/claude-4.5-sonnet,25,0,success
anthropic/claude-4.5-sonnet,25,0,success
anthropic/claude-4.5-sonnet,25,0,success
anthropic/claude-4.5-sonnet,25,0,success
anthropic/claude-4.5-sonnet,25,0,success
anthropic/claude-4.5-sonnet,25,0,success
anthropic/claude-4.5-sonnet,25,0,success
anthropic/claude-4.5-sonnet,25,0,success
anthropic/claude-4.5-sonnet,25,0,success
anthropic/claude-4.5-sonnet,25,0,success
anthropic/claude-4.5-sonnet,25,0,success
anthropic/claude-4.5-sonnet,25,0,success
anthropic/claude-4.5-sonnet,25,0,success
anthropic/claude-4.5-sonnet,25,0,success
anthropic/claude-4.5-sonnet,25,0,success
anthropic/claude-4.5-sonnet,25,0,success
anthropic/claude-4.5-sonnet,25,0,success
anthropic/claude-4.5-sonnet,25,0,success
anthropic/claude-4.5-sonnet,25,0,success
anthropic/claude-4.5-sonnet,25,0,success
anthropic/claude-4.5-sonnet,25,0,success
anthropic/claude-4.5-sonnet,25,0,success
anthropic/claude-4.5-sonnet,25,0,success
anthropic/claude-4.5-sonnet,25,0,success
anthropic/claude-4.5-sonnet,25,0,success
anthropic/claude-4.5-sonnet,25,0,success
anthropic/claude-4.5-sonnet,25,0,success
anthropic/claude-4.5-sonnet,25,0,success
anthropic/claude-4.5-sonnet,25,0,success
anthropic/claude-4.5-sonnet,25,0,success
anthropic/claude-4.5-sonnet,25,0,success
anthropic/claude-4.5-sonnet,25,0,success
anthropic/claude-4.5-sonnet,25,0,success
anthropic/claude-4.5-sonnet,25,0,success
anthropic/claude-4.5-sonnet,25,0,success
anthropic/claude-4.5-sonnet,25,0,success
anthropic/claude-4.5-sonnet,25,0,success
anthropic/claude-4.5-sonnet,25,0,success
anthropic/claude-4.5-sonnet,25,0,success
anthropic/claude-4.5-sonnet,25,0,success
anthropic/claude-4.5-sonnet,25,0,success
anthropic/claude-4.5-sonnet,25,0,success
anthropic/claude-4.5-sonnet,25,0,success
anthropic/claude-4.5-sonnet,25,0,success
anthropic/claude-4.5-sonnet,25,0,success
anthropic/claude-4.5-sonnet,25,0,success
anthropic/claude-4.5-sonnet,25,0,success
anthropic/claude-4.5-sonnet,25,0,success
anthropic/claude-4.5-sonnet,25,0,success
anthropic/claude-4.5-sonnet,25,0,success
anthropic/claude-4.5-sonnet,25,0,success
anthropic/claude-4.5-sonnet,25,0,success
anthropic/claude-4.5-sonnet,25,0,success
anthropic/claude-4.5-sonnet,25,0,success
anthropic/claude-4.5-sonnet,25,0,success
anthropic/claude-4.5-sonnet,25,0,success
anthropic/claude-4.5-sonnet,25,0,success
anthropic/claude-4.5-sonnet,25,0,success
anthropic/claude-4.5-sonnet,25,0,success
anthropic/claude-4.5-sonnet,25,0,success
anthropic/claude-4.5-sonnet,25,0,success
anthropic/claude-4.5-sonnet,25,0,success
anthropic/claude-4.5-sonnet,25,0,success
anthropic/claude-4.5-sonnet,25,0,success
anthropic/claude-4.5-sonnet,25,0,success
anthropic/claude-4.5-sonnet,25,0,success
anthropic/claude-4.5-sonnet,25,0,success
anthropic/claude-4.5-sonnet,25,0,success
anthropic/claude-4.5-sonnet,25,0,success
anthropic/claude-4.5-sonnet,25,0,success
anthropic/claude-4.5-sonnet,25,0,success
anthropic/claude-4.5-sonnet,25,0,success
anthropic/claude-4.5-sonnet,25,0,success
anthropic/claude-4.5-sonnet,25,0,success
anthropic/claude-4.5-sonnet,25,0,success
anthropic/claude-4.5-sonnet,25,0,success
anthropic/claude-4.5-sonnet,25,0,success
anthropic/claude-4.5-sonnet,25,0,success
anthropic/claude-4.5-sonnet,25,0,success
anthropic/claude-4.5-sonnet,30,0,success
anthropic/claude-4.5-sonnet,30,0,success
anthropic/claude-4.5-sonnet,30,0,success
anthropic/claude-4.5-sonnet,30,0,success
anthropic/claude-4.5-sonnet,30,0,success
anthropic/claude-4.5-sonnet,30,0,success
anthropic/claude-4.5-sonnet,30,0,success
anthropic/claude-4.5-sonnet,30,0,success
anthropic/claude-4.5-sonnet,30,0,success
anthropic/claude-4.5-sonnet,30,0,success
anthropic/claude-4.5-sonnet,30,0,success
anthropic/claude-4.5-sonnet,30,0,success
anthropic/claude-4.5-sonnet,30,0,success
anthropic/claude-4.5-sonnet,30,0,success
anthropic/claude-4.5-sonnet,30,0,success
anthropic/claude-4.5-sonnet,30,0,success
anthropic/claude-4.5-sonnet,30,0,success
anthropic/claude-4.5-sonnet,30,0,success
anthropic/claude-4.5-sonnet,30,0,success
anthropic/claude-4.5-sonnet,30,0,success
anthropic/claude-4.5-sonnet,30,0,success
anthropic/claude-4.5-sonnet,30,0,success
anthropic/claude-4.5-sonnet,30,0,success
anthropic/claude-4.5-sonnet,30,0,success
anthropic/claude-4.5-sonnet,30,0,success
anthropic/claude-4.5-sonnet,30,0,success
anthropic/claude-4.5-sonnet,30,0,success
anthropic/claude-4.5-sonnet,30,0,success
anthropic/claude-4.5-sonnet,30,0,success
anthropic/claude-4.5-sonnet,30,0,success
anthropic/claude-4.5-sonnet,30,0,success
anthropic/claude-4.5-sonnet,30,0,success
anthropic/claude-4.5-sonnet,30,0,success
anthropic/claude-4.5-sonnet,30,0,success
anthropic/claude-4.5-sonnet,30,0,success
anthropic/claude-4.5-sonnet,30,0,success
anthropic/claude-4.5-sonnet,30,0,success
anthropic/claude-4.5-sonnet,30,0,success
anthropic/claude-4.5-sonnet,30,0,success
anthropic/claude-4.5-sonnet,30,0,success
anthropic/claude-4.5-sonnet,30,0,success
anthropic/claude-4.5-sonnet,30,0,success
anthropic/claude-4.5-sonnet,30,0,success
anthropic/claude-4.5-sonnet,30,0,success
anthropic/claude-4.5-sonnet,30,0,success
anthropic/claude-4.5-sonnet,30,0,success
anthropic/claude-4.5-sonnet,30,0,success
anthropic/claude-4.5-sonnet,30,0,success
anthropic/claude-4.5-sonnet,30,0,success
anthropic/claude-4.5-sonnet,30,0,success
anthropic/claude-4.5-sonnet,30,0,success
anthropic/claude-4.5-sonnet,30,0,success
anthropic/claude-4.5-sonnet,30,0,success
anthropic/claude-4.5-sonnet,30,0,success
anthropic/claude-4.5-sonnet,30,0,success
anthropic/claude-4.5-sonnet,30,0,success
anthropic/claude-4.5-sonnet,30,0,success
anthropic/claude-4.5-sonnet,30,0,success
anthropic/claude-4.5-sonnet,30,0,success
anthropic/claude-4.5-sonnet,30,0,success
anthropic/claude-4.5-sonnet,30,0,success
anthropic/claude-4.5-sonnet,30,0,success
anthropic/claude-4.5-sonnet,30,0,success
anthropic/claude-4.5-sonnet,30,0,success
anthropic/claude-4.5-sonnet,30,0,success
anthropic/claude-4.5-sonnet,30,0,success
anthropic/claude-4.5-sonnet,30,0,success
anthropic/claude-4.5-sonnet,30,0,success
anthropic/claude-4.5-sonnet,30,0,success
anthropic/claude-4.5-sonnet,30,0,success
anthropic/claude-4.5-sonnet,30,0,success
anthropic/claude-4.5-sonnet,30,0,success
anthropic/claude-4.5-sonnet,30,0,success
anthropic/claude-4.5-sonnet,30,0,success
anthropic/claude-4.5-sonnet,30,0,success
anthropic/claude-4.5-sonnet,30,0,success
anthropic/claude-4.5-sonnet,30,0,success
anthropic/claude-4.5-sonnet,30,0,success
anthropic/claude-4.5-sonnet,30,0,success
anthropic/claude-4.5-sonnet,30,0,success
anthropic/claude-4.5-sonnet,30,0,success
anthropic/claude-4.5-sonnet,30,0,success
anthropic/claude-4.5-sonnet,30,0,success
anthropic/claude-4.5-sonnet,30,0,success
anthropic/claude-4.5-sonnet,30,0,success
anthropic/claude-4.5-sonnet,30,0,success
anthropic/claude-4.5-sonnet,30,0,success
anthropic/claude-4.5-sonnet,30,0,success
anthropic/claude-4.5-sonnet,30,0,success
anthropic/claude-4.5-sonnet,30,0,success
anthropic/claude-4.5-sonnet,30,0,success
anthropic/claude-4.5-sonnet,30,0,success
anthropic/claude-4.5-sonnet,30,0,success
anthropic/claude-4.5-sonnet,30,0,success
anthropic/claude-4.5-sonnet,30,0,success
anthropic/claude-4.5-sonnet,30,0,success
anthropic/claude-4.5-sonnet,30,0,success
anthropic/claude-4.5-sonnet,30,0,success
anthropic/claude-4.5-sonnet,30,0,success
anthropic/claude-4.5-sonnet,30,0,success
anthropic/claude-4.5-sonnet,35,0,success
anthropic/claude-4.5-sonnet,35,0,success
anthropic/claude-4.5-sonnet,35,0,success
anthropic/claude-4.5-sonnet,35,0,success
anthropic/claude-4.5-sonnet,35,0,success
anthropic/claude-4.5-sonnet,35,0,success
anthropic/claude-4.5-sonnet,35,0,success
anthropic/claude-4.5-sonnet,35,0,success
anthropic/claude-4.5-sonnet,35,0,success
anthropic/claude-4.5-sonnet,35,0,success
anthropic/claude-4.5-sonnet,35,0,success
anthropic/claude-4.5-sonnet,35,0,success
anthropic/claude-4.5-sonnet,35,0,success
anthropic/claude-4.5-sonnet,35,0,success
anthropic/claude-4.5-sonnet,35,0,success
anthropic/claude-4.5-sonnet,35,0,success
anthropic/claude-4.5-sonnet,35,0,success
anthropic/claude-4.5-sonnet,35,0,success
anthropic/claude-4.5-sonnet,35,0,success
anthropic/claude-4.5-sonnet,35,0,success
anthropic/claude-4.5-sonnet,35,0,success
anthropic/claude-4.5-sonnet,35,0,success
anthropic/claude-4.5-sonnet,35,0,success
anthropic/claude-4.5-sonnet,35,0,success
anthropic/claude-4.5-sonnet,35,0,success
anthropic/claude-4.5-sonnet,35,0,success
anthropic/claude-4.5-sonnet,35,0,success
anthropic/claude-4.5-sonnet,35,0,success
anthropic/claude-4.5-sonnet,35,0,success
anthropic/claude-4.5-sonnet,35,0,success
anthropic/claude-4.5-sonnet,35,0,success
anthropic/claude-4.5-sonnet,35,0,success
anthropic/claude-4.5-sonnet,35,0,success
anthropic/claude-4.5-sonnet,35,0,success
anthropic/claude-4.5-sonnet,35,0,success
anthropic/claude-4.5-sonnet,35,0,success
anthropic/claude-4.5-sonnet,35,0,success
anthropic/claude-4.5-sonnet,35,0,success
anthropic/claude-4.5-sonnet,35,0,success
anthropic/claude-4.5-sonnet,35,0,success
anthropic/claude-4.5-sonnet,35,0,success
anthropic/claude-4.5-sonnet,35,0,success
anthropic/claude-4.5-sonnet,35,0,success
anthropic/claude-4.5-sonnet,35,0,success
anthropic/claude-4.5-sonnet,35,0,success
anthropic/claude-4.5-sonnet,35,0,success
anthropic/claude-4.5-sonnet,35,0,success
anthropic/claude-4.5-sonnet,35,0,success
anthropic/claude-4.5-sonnet,35,0,success
anthropic/claude-4.5-sonnet,35,0,success
anthropic/claude-4.5-sonnet,35,0,success
anthropic/claude-4.5-sonnet,35,0,success
anthropic/claude-4.5-sonnet,35,0,success
anthropic/claude-4.5-sonnet,35,0,success
anthropic/claude-4.5-sonnet,35,0,success
anthropic/claude-4.5-sonnet,35,0,success
anthropic/claude-4.5-sonnet,35,0,success
anthropic/claude-4.5-sonnet,35,0,success
anthropic/claude-4.5-sonnet,35,0,success
anthropic/claude-4.5-sonnet,35,0,success
anthropic/claude-4.5-sonnet,35,0,success
anthropic/claude-4.5-sonnet,35,0,success
anthropic/claude-4.5-sonnet,35,0,success
anthropic/claude-4.5-sonnet,35,0,success
anthropic/claude-4.5-sonnet,35,0,success
anthropic/claude-4.5-sonnet,35,0,success
anthropic/claude-4.5-sonnet,35,0,success
anthropic/claude-4.5-sonnet,35,0,success
anthropic/claude-4.5-sonnet,35,0,success
anthropic/claude-4.5-sonnet,35,0,success
anthropic/claude-4.5-sonnet,35,0,success
anthropic/claude-4.5-sonnet,35,0,success
anthropic/claude-4.5-sonnet,35,0,success
anthropic/claude-4.5-sonnet,35,0,success
anthropic/claude-4.5-sonnet,35,0,success
anthropic/claude-4.5-sonnet,35,0,success
anthropic/claude-4.5-sonnet,35,0,success
anthropic/claude-4.5-sonnet,35,0,success
anthropic/claude-4.5-sonnet,35,0,success
anthropic/claude-4.5-sonnet,35,0,success
anthropic/claude-4.5-sonnet,35,0,success
anthropic/claude-4.5-sonnet,35,0,success
anthropic/claude-4.5-sonnet,35,0,success
anthropic/claude-4.5-sonnet,35,0,success
anthropic/claude-4.5-sonnet,35,0,success
anthropic/claude-4.5-sonnet,35,0,success
anthropic/claude-4.5-sonnet,35,0,success
anthropic/claude-4.5-sonnet,35,0,success
anthropic/claude-4.5-sonnet,35,0,success
anthropic/claude-4.5-sonnet,35,0,success
anthropic/claude-4.5-sonnet,35,0,success
anthropic/claude-4.5-sonnet,35,0,success
anthropic/claude-4.5-sonnet,35,0,success
anthropic/claude-4.5-sonnet,35,0,success
anthropic/claude-4.5-sonnet,35,0,success
anthropic/claude-4.5-sonnet,35,0,success
anthropic/claude-4.5-sonnet,35,0,success
anthropic/claude-4.5-sonnet,35,0,success
anthropic/claude-4.5-sonnet,35,0,success
anthropic/claude-4.5-sonnet,35,0,success
anthropic/claude-4.5-sonnet,40,0,success
anthropic/claude-4.5-sonnet,40,0,success
anthropic/claude-4.5-sonnet,40,0,success
anthropic/claude-4.5-sonnet,40,0,success
anthropic/claude-4.5-sonnet,40,0,success
anthropic/claude-4.5-sonnet,40,0,success
anthropic/claude-4.5-sonnet,40,0,success
anthropic/claude-4.5-sonnet,40,0,success
anthropic/claude-4.5-sonnet,40,0,success
anthropic/claude-4.5-sonnet,40,0,success
anthropic/claude-4.5-sonnet,40,0,success
anthropic/claude-4.5-sonnet,40,0,success
anthropic/claude-4.5-sonnet,40,0,success
anthropic/claude-4.5-sonnet,40,0,success
anthropic/claude-4.5-sonnet,40,0,success
anthropic/claude-4.5-sonnet,40,0,success
anthropic/claude-4.5-sonnet,40,0,success
anthropic/claude-4.5-sonnet,40,0,success
anthropic/claude-4.5-sonnet,40,0,success
anthropic/claude-4.5-sonnet,40,0,success
anthropic/claude-4.5-sonnet,40,0,success
anthropic/claude-4.5-sonnet,40,0,success
anthropic/claude-4.5-sonnet,40,0,success
anthropic/claude-4.5-sonnet,40,0,success
anthropic/claude-4.5-sonnet,40,0,success
anthropic/claude-4.5-sonnet,40,0,success
anthropic/claude-4.5-sonnet,40,0,success
anthropic/claude-4.5-sonnet,40,0,success
anthropic/claude-4.5-sonnet,40,0,success
anthropic/claude-4.5-sonnet,40,0,success
anthropic/claude-4.5-sonnet,40,0,success
anthropic/claude-4.5-sonnet,40,0,success
anthropic/claude-4.5-sonnet,40,0,success
anthropic/claude-4.5-sonnet,40,0,success
anthropic/claude-4.5-sonnet,40,0,success
anthropic/claude-4.5-sonnet,40,0,success
anthropic/claude-4.5-sonnet,40,0,success
anthropic/claude-4.5-sonnet,40,0,success
anthropic/claude-4.5-sonnet,40,0,success
anthropic/claude-4.5-sonnet,40,0,success
anthropic/claude-4.5-sonnet,40,0,success
anthropic/claude-4.5-sonnet,40,0,success
anthropic/claude-4.5-sonnet,40,0,success
anthropic/claude-4.5-sonnet,40,0,success
anthropic/claude-4.5-sonnet,40,0,success
anthropic/claude-4.5-sonnet,40,0,success
anthropic/claude-4.5-sonnet,40,0,success
anthropic/claude-4.5-sonnet,40,0,success
anthropic/claude-4.5-sonnet,40,0,success
anthropic/claude-4.5-sonnet,40,0,success
anthropic/claude-4.5-sonnet,40,0,success
anthropic/claude-4.5-sonnet,40,0,success
anthropic/claude-4.5-sonnet,40,0,success
anthropic/claude-4.5-sonnet,40,0,success
anthropic/claude-4.5-sonnet,40,0,success
anthropic/claude-4.5-sonnet,40,0,success
anthropic/claude-4.5-sonnet,40,0,success
anthropic/claude-4.5-sonnet,40,0,success
anthropic/claude-4.5-sonnet,40,0,success
anthropic/claude-4.5-sonnet,40,0,success
anthropic/claude-4.5-sonnet,40,0,success
anthropic/claude-4.5-sonnet,40,0,success
anthropic/claude-4.5-sonnet,40,0,success
anthropic/claude-4.5-sonnet,40,0,success
anthropic/claude-4.5-sonnet,40,0,success
anthropic/claude-4.5-sonnet,40,0,success
anthropic/claude-4.5-sonnet,40,0,success
anthropic/claude-4.5-sonnet,40,0,success
anthropic/claude-4.5-sonnet,40,0,success
anthropic/claude-4.5-sonnet,40,0,success
anthropic/claude-4.5-sonnet,40,0,success
anthropic/claude-4.5-sonnet,40,0,success
anthropic/claude-4.5-sonnet,40,0,success
anthropic/claude-4.5-sonnet,40,0,success
anthropic/claude-4.5-sonnet,40,0,success
anthropic/claude-4.5-sonnet,40,0,success
anthropic/claude-4.5-sonnet,40,0,success
anthropic/claude-4.5-sonnet,40,0,success
anthropic/claude-4.5-sonnet,40,0,success
anthropic/claude-4.5-sonnet,40,0,success
anthropic/claude-4.5-sonnet,40,0,success
anthropic/claude-4.5-sonnet,40,0,success
anthropic/claude-4.5-sonnet,40,0,success
anthropic/claude-4.5-sonnet,40,0,success
anthropic/claude-4.5-sonnet,40,0,success
anthropic/claude-4.5-sonnet,40,0,success
anthropic/claude-4.5-sonnet,40,0,success
anthropic/claude-4.5-sonnet,40,0,success
anthropic/claude-4.5-sonnet,40,0,success
anthropic/claude-4.5-sonnet,40,0,success
anthropic/claude-4.5-sonnet,40,0,success
anthropic/claude-4.5-sonnet,40,0,success
anthropic/claude-4.5-sonnet,40,0,success
anthropic/claude-4.5-sonnet,40,0,success
anthropic/claude-4.5-sonnet,40,0,success
anthropic/claude-4.5-sonnet,40,0,success
anthropic/claude-4.5-sonnet,40,0,success
anthropic/claude-4.5-sonnet,40,0,success
anthropic/claude-4.5-sonnet,40,0,success
anthropic/claude-4.5-sonnet,40,0,success
anthropic/claude-4.5-sonnet,45,0,success
anthropic/claude-4.5-sonnet,45,0,success
anthropic/claude-4.5-sonnet,45,0,success
anthropic/claude-4.5-sonnet,45,0,success
anthropic/claude-4.5-sonnet,45,0,success
anthropic/claude-4.5-sonnet,45,0,success
anthropic/claude-4.5-sonnet,45,0,success
anthropic/claude-4.5-sonnet,45,0,success
anthropic/claude-4.5-sonnet,45,0,success
anthropic/claude-4.5-sonnet,45,0,success
anthropic/claude-4.5-sonnet,45,0,success
anthropic/claude-4.5-sonnet,45,0,success
anthropic/claude-4.5-sonnet,45,0,success
anthropic/claude-4.5-sonnet,45,0,success
anthropic/claude-4.5-sonnet,45,0,success
anthropic/claude-4.5-sonnet,45,0,success
anthropic/claude-4.5-sonnet,45,0,success
anthropic/claude-4.5-sonnet,45,0,success
anthropic/claude-4.5-sonnet,45,0,success
anthropic/claude-4.5-sonnet,45,0,success
anthropic/claude-4.5-sonnet,45,0,success
anthropic/claude-4.5-sonnet,45,0,success
anthropic/claude-4.5-sonnet,45,0,success
anthropic/claude-4.5-sonnet,45,0,success
anthropic/claude-4.5-sonnet,45,0,success
anthropic/claude-4.5-sonnet,45,0,success
anthropic/claude-4.5-sonnet,45,0,success
anthropic/claude-4.5-sonnet,45,0,success
anthropic/claude-4.5-sonnet,45,0,success
anthropic/claude-4.5-sonnet,45,0,success
anthropic/claude-4.5-sonnet,45,0,success
anthropic/claude-4.5-sonnet,45,0,success
anthropic/claude-4.5-sonnet,45,0,success
anthropic/claude-4.5-sonnet,45,0,success
anthropic/claude-4.5-sonnet,45,0,success
anthropic/claude-4.5-sonnet,45,0,success
anthropic/claude-4.5-sonnet,45,0,success
anthropic/claude-4.5-sonnet,45,0,success
anthropic/claude-4.5-sonnet,45,0,success
anthropic/claude-4.5-sonnet,45,0,success
anthropic/claude-4.5-sonnet,45,0,success
anthropic/claude-4.5-sonnet,45,0,success
anthropic/claude-4.5-sonnet,45,0,success
anthropic/claude-4.5-sonnet,45,0,success
anthropic/claude-4.5-sonnet,45,0,success
anthropic/claude-4.5-sonnet,45,0,success
anthropic/claude-4.5-sonnet,45,0,success
anthropic/claude-4.5-sonnet,45,0,success
anthropic/claude-4.5-sonnet,45,0,success
anthropic/claude-4.5-sonnet,45,0,success
anthropic/claude-4.5-sonnet,45,0,success
anthropic/claude-4.5-sonnet,45,0,success
anthropic/claude-4.5-sonnet,45,0,success
anthropic/claude-4.5-sonnet,45,0,success
anthropic/claude-4.5-sonnet,45,0,success
anthropic/claude-4.5-sonnet,45,0,success
anthropic/claude-4.5-sonnet,45,0,success
anthropic/claude-4.5-sonnet,45,0,success
anthropic/claude-4.5-sonnet,45,0,success
anthropic/claude-4.5-sonnet,45,0,success
anthropic/claude-4.5-sonnet,45,0,success
anthropic/claude-4.5-sonnet,45,0,success
anthropic/claude-4.5-sonnet,45,0,success
anthropic/claude-4.5-sonnet,45,0,success
anthropic/claude-4.5-sonnet,45,0,success
anthropic/claude-4.5-sonnet,45,0,success
anthropic/claude-4.5-sonnet,45,0,success
anthropic/claude-4.5-sonnet,45,0,success
anthropic/claude-4.5-sonnet,45,0,success
anthropic/claude-4.5-sonnet,45,0,success
anthropic/claude-4.5-sonnet,45,0,success
anthropic/claude-4.5-sonnet,45,0,success
anthropic/claude-4.5-sonnet,45,0,success
anthropic/claude-4.5-sonnet,45,0,success
anthropic/claude-4.5-sonnet,45,0,success
anthropic/claude-4.5-sonnet,45,0,success
anthropic/claude-4.5-sonnet,45,0,success
anthropic/claude-4.5-sonnet,45,0,success
anthropic/claude-4.5-sonnet,45,0,success
anthropic/claude-4.5-sonnet,45,0,success
anthropic/claude-4.5-sonnet,45,0,success
anthropic/claude-4.5-sonnet,45,0,success
anthropic/claude-4.5-sonnet,45,0,success
anthropic/claude-4.5-sonnet,45,0,success
anthropic/claude-4.5-sonnet,45,0,success
anthropic/claude-4.5-sonnet,45,0,success
anthropic/claude-4.5-sonnet,45,0,success
anthropic/claude-4.5-sonnet,45,0,success
anthropic/claude-4.5-sonnet,45,0,success
anthropic/claude-4.5-sonnet,45,0,success
anthropic/claude-4.5-sonnet,45,0,success
anthropic/claude-4.5-sonnet,45,0,success
anthropic/claude-4.5-sonnet,45,0,success
anthropic/claude-4.5-sonnet,45,0,success
anthropic/claude-4.5-sonnet,45,0,success
anthropic/claude-4.5-sonnet,45,0,success
anthropic/claude-4.5-sonnet,45,0,success
anthropic/claude-4.5-sonnet,45,0,success
anthropic/claude-4.5-sonnet,45,0,success
anthropic/claude-4.5-sonnet,45,0,success
anthropic/claude-4.5-sonnet,50,0,success
anthropic/claude-4.5-sonnet,50,0,success
anthropic/claude-4.5-sonnet,50,0,success
anthropic/claude-4.5-sonnet,50,0,success
anthropic/claude-4.5-sonnet,50,0,success
anthropic/claude-4.5-sonnet,50,0,success
anthropic/claude-4.5-sonnet,50,0,success
anthropic/claude-4.5-sonnet,50,0,success
anthropic/claude-4.5-sonnet,50,0,success
anthropic/claude-4.5-sonnet,50,0,success
anthropic/claude-4.5-sonnet,50,0,success
anthropic/claude-4.5-sonnet,50,0,success
anthropic/claude-4.5-sonnet,50,0,success
anthropic/claude-4.5-sonnet,50,0,success
anthropic/claude-4.5-sonnet,50,0,success
anthropic/claude-4.5-sonnet,50,0,success
anthropic/claude-4.5-sonnet,50,0,success
anthropic/claude-4.5-sonnet,50,0,success
anthropic/claude-4.5-sonnet,50,0,success
anthropic/claude-4.5-sonnet,50,0,success
anthropic/claude-4.5-sonnet,50,0,success
anthropic/claude-4.5-sonnet,50,0,success
anthropic/claude-4.5-sonnet,50,0,success
anthropic/claude-4.5-sonnet,50,0,success
anthropic/claude-4.5-sonnet,50,0,success
anthropic/claude-4.5-sonnet,50,0,success
anthropic/claude-4.5-sonnet,50,0,success
anthropic/claude-4.5-sonnet,50,0,success
anthropic/claude-4.5-sonnet,50,0,success
anthropic/claude-4.5-sonnet,50,0,success
anthropic/claude-4.5-sonnet,50,0,success
anthropic/claude-4.5-sonnet,50,0,success
anthropic/claude-4.5-sonnet,50,0,success
anthropic/claude-4.5-sonnet,50,0,success
anthropic/claude-4.5-sonnet,50,0,success
anthropic/claude-4.5-sonnet,50,0,success
anthropic/claude-4.5-sonnet,50,0,success
anthropic/claude-4.5-sonnet,50,0,success
anthropic/claude-4.5-sonnet,50,0,success
anthropic/claude-4.5-sonnet,50,0,success
anthropic/claude-4.5-sonnet,50,0,success
anthropic/claude-4.5-sonnet,50,0,success
anthropic/claude-4.5-sonnet,50,0,success
anthropic/claude-4.5-sonnet,50,0,success
anthropic/claude-4.5-sonnet,50,0,success
anthropic/claude-4.5-sonnet,50,0,success
anthropic/claude-4.5-sonnet,50,0,success
anthropic/claude-4.5-sonnet,50,0,success
anthropic/claude-4.5-sonnet,50,0,success
anthropic/claude-4.5-sonnet,50,0,success
anthropic/claude-4.5-sonnet,50,0,success
anthropic/claude-4.5-sonnet,50,0,success
anthropic/claude-4.5-sonnet,50,0,success
anthropic/claude-4.5-sonnet,50,0,success
anthropic/claude-4.5-sonnet,50,0,success
anthropic/claude-4.5-sonnet,50,0,success
anthropic/claude-4.5-sonnet,50,0,success
anthropic/claude-4.5-sonnet,50,0,success
anthropic/claude-4.5-sonnet,50,0,success
anthropic/claude-4.5-sonnet,50,0,success
anthropic/claude-4.5-sonnet,50,0,success
anthropic/claude-4.5-sonnet,50,0,success
anthropic/claude-4.5-sonnet,50,0,success
anthropic/claude-4.5-sonnet,50,0,success
anthropic/claude-4.5-sonnet,50,0,success
anthropic/claude-4.5-sonnet,50,0,success
anthropic/claude-4.5-sonnet,50,0,success
anthropic/claude-4.5-sonnet,50,0,success
anthropic/claude-4.5-sonnet,50,0,success
anthropic/claude-4.5-sonnet,50,0,success
anthropic/claude-4.5-sonnet,50,0,success
anthropic/claude-4.5-sonnet,50,0,success
anthropic/claude-4.5-sonnet,50,0,success
anthropic/claude-4.5-sonnet,50,0,success
anthropic/claude-4.5-sonnet,50,0,success
anthropic/claude-4.5-sonnet,50,0,success
anthropic/claude-4.5-sonnet,50,0,success
anthropic/claude-4.5-sonnet,50,1,success
anthropic/claude-4.5-sonnet,50,0,success
anthropic/claude-4.5-sonnet,50,0,success
anthropic/claude-4.5-sonnet,50,0,success
anthropic/claude-4.5-sonnet,50,0,success
anthropic/claude-4.5-sonnet,50,0,success
anthropic/claude-4.5-sonnet,50,0,success
anthropic/claude-4.5-sonnet,50,0,success
anthropic/claude-4.5-sonnet,50,0,success
anthropic/claude-4.5-sonnet,50,0,success
anthropic/claude-4.5-sonnet,50,0,success
anthropic/claude-4.5-sonnet,50,0,success
anthropic/claude-4.5-sonnet,50,0,success
anthropic/claude-4.5-sonnet,50,0,success
anthropic/claude-4.5-sonnet,50,0,success
anthropic/claude-4.5-sonnet,50,0,success
anthropic/claude-4.5-sonnet,50,0,success
anthropic/claude-4.5-sonnet,50,0,success
anthropic/claude-4.5-sonnet,50,0,success
anthropic/claude-4.5-sonnet,50,0,success
anthropic/claude-4.5-sonnet,50,0,success
anthropic/claude-4.5-sonnet,50,0,success
anthropic/claude-4.5-sonnet,50,0,success
